Papel,Cotacao,P/L,P/VP,PSR,DY,P/Ativo,P/Cap.Giro,P/EBIT,P/ACL,EV/EBIT,EV/EBITDA,Mrg.Ebit,Mrg.Liq.,Liq.Corr.,ROIC,ROE,Liq.2meses,Pat.Liq,Div.Brut/Pat.,Cresc.5anos
QUAL3,289.0,-404335.0,60.0,443.0,274.0,179.0,701.0,173.0,-45.0,461.0,237.0,2565.0,42.0,109.0,1395.0,-1.0,1615970000.0,137947000000.0,163.0,-75.0
GNDI3,6695.0,-358482.0,584.0,3423.0,239.0,2378.0,7965.0,8705.0,-621.0,9113.0,5088.0,393.0,-9.0,117.0,309.0,-16.0,0.0,711608000000.0,53.0,2523.0
MEGA3,975.0,-85649.0,123.0,2352.0,0.0,354.0,-479.0,1020.0,-60.0,2416.0,1403.0,2306.0,-16.0,61.0,366.0,-14.0,808284000.0,495498000000.0,183.0,10074.0
TELB3,1640.0,-40008.0,84.0,3629.0,0.0,349.0,106.0,-460.0,-186.0,-115.0,-571.0,-7890.0,-91.0,570.0,-1109.0,-21.0,5929130.0,167668000000.0,8.0,7655.0
TELB4,1242.0,-30299.0,64.0,2748.0,0.0,264.0,80.0,-348.0,-141.0,-3.0,-17.0,-7890.0,-91.0,570.0,-1109.0,-21.0,9801540.0,167668000000.0,8.0,7655.0
DMMO3,176.0,-25865.0,-172.0,2854.0,0.0,3346.0,1190.0,637.0,-137.0,590.0,542.0,4481.0,-110.0,225.0,7039.0,66.0,0.0,-55327500000.0,0.0,-1737.0
LWSA3,616.0,-19210.0,126.0,2999.0,85.0,831.0,620.0,5438.0,1118.0,3976.0,1495.0,551.0,-156.0,148.0,203.0,-66.0,4198620000.0,291377000000.0,3.0,4367.0
MAPT3,3005.0,-17479.0,-445.0,0.0,0.0,35726.0,-552319.0,-20012.0,-396.0,-20012.0,-20012.0,0.0,0.0,0.0,-1797.0,255.0,0.0,-620700000.0,0.0,0.0
CBAV3,439.0,-12021.0,51.0,336.0,1004.0,192.0,89.0,4412.0,-93.0,8826.0,836.0,76.0,77.0,220.0,53.0,-42.0,2083320000.0,517611000000.0,77.0,-1667.0
BAUH4,7099.0,-9699.0,386.0,1765.0,170.0,2291.0,3033.0,4782.0,5170.0,4552.0,2721.0,369.0,-182.0,120.0,760.0,-398.0,1000760.0,9601500000.0,10.0,327.0
LINX3,3740.0,-9095.0,438.0,7885.0,152.0,2745.0,1196.0,5317.0,4706.0,5149.0,2297.0,1483.0,-867.0,214.0,682.0,-481.0,0.0,161901000000.0,22.0,1554.0
MERC3,1528.0,-7653.0,111.0,0.0,0.0,0.0,0.0,0.0,0.0,0.0,0.0,0.0,0.0,0.0,0.0,-145.0,0.0,24868300000.0,0.0,-2116.0
MYPK3,1356.0,-7253.0,55.0,128.0,368.0,145.0,90.0,316.0,-76.0,884.0,511.0,405.0,48.0,145.0,673.0,-76.0,1969210000.0,378615000000.0,164.0,1714.0
CLSA3,427.0,-6945.0,110.0,1507.0,0.0,896.0,173.0,-1671.0,181.0,-839.0,-4509.0,-902.0,-217.0,415.0,-1151.0,-159.0,215666000.0,72734500000.0,6.0,1187.0
MAPT4,1100.0,-6398.0,-163.0,0.0,0.0,13078.0,-202180.0,-7325.0,-145.0,-7325.0,-7325.0,0.0,0.0,0.0,-1797.0,255.0,6251.0,-620700000.0,0.0,0.0
MNPR3,1379.0,-6313.0,-30.0,255.0,0.0,304.0,-26.0,149.0,-21.0,149.0,130.0,1719.0,-40.0,33.0,2157.0,47.0,9204380.0,-32721300000.0,0.0,1669.0
RDNI3,490.0,-6170.0,34.0,345.0,294.0,93.0,74.0,899.0,-22.0,3837.0,3216.0,384.0,110.0,171.0,107.0,-56.0,17861300.0,62211400000.0,118.0,2852.0
DOHL3,750.0,-6041.0,81.0,866.0,0.0,589.0,127.0,-3183.0,222.0,-3317.0,62705.0,-272.0,-143.0,703.0,-210.0,-134.0,27309.0,69910400000.0,15.0,1004.0
CBEE3,1370.0,-5784.0,60.0,423.0,0.0,183.0,-156.0,290.0,-37.0,699.0,440.0,1458.0,-73.0,63.0,711.0,-104.0,0.0,549209000000.0,97.0,1045.0
MRVE3,999.0,-5675.0,93.0,816.0,0.0,240.0,99.0,7787.0,-102.0,18217.0,5537.0,105.0,-87.0,206.0,33.0,-164.0,11512200000.0,601899000000.0,135.0,428.0
NINJ3,433.0,-5560.0,78.0,3691.0,0.0,734.0,84.0,-623.0,84.0,139.0,147.0,-5920.0,-664.0,1559.0,-16011.0,-141.0,384134000.0,28021600000.0,0.0,-210.0
MTIG4,2300.0,-4952.0,-35915.0,56001.0,0.0,36906.0,-5093.0,-9431.0,-4400.0,-9557.0,-10460.0,-5938.0,-11309.0,27.0,-4780.0,72528.0,0.0,-783538000.0,-495.0,-2654.0
DOHL4,574.0,-4623.0,62.0,662.0,0.0,451.0,97.0,-2436.0,170.0,-2570.0,48587.0,-272.0,-143.0,703.0,-210.0,-134.0,1423340.0,69910400000.0,15.0,1004.0
HAPV3,431.0,-4142.0,66.0,1231.0,0.0,433.0,2663.0,-7944.0,-197.0,-9373.0,1989.0,-155.0,-297.0,115.0,-59.0,-159.0,34265100000.0,4933300000000.0,23.0,5159.0
MERC4,716.0,-3586.0,52.0,0.0,628.0,0.0,0.0,0.0,0.0,0.0,0.0,0.0,0.0,0.0,0.0,-145.0,191619.0,24868300000.0,0.0,-2116.0
OMGE3,2757.0,-3203.0,159.0,3419.0,0.0,543.0,1086.0,1256.0,-106.0,2434.0,1309.0,2723.0,-1112.0,172.0,469.0,-495.0,0.0,348357000000.0,166.0,3873.0
GUAR3,511.0,-2914.0,50.0,299.0,0.0,180.0,71.0,952.0,135793.0,1588.0,482.0,314.0,-103.0,165.0,242.0,-173.0,1136690000.0,506222000000.0,76.0,479.0
CSAN3,1684.0,-2731.0,176.0,753.0,255.0,234.0,285.0,482.0,-52.0,1162.0,785.0,1562.0,317.0,165.0,566.0,-645.0,10573300000.0,1792930000000.0,336.0,3976.0
CSNA3,1193.0,-2670.0,86.0,357.0,2451.0,189.0,162.0,220.0,-45.0,616.0,428.0,1623.0,-24.0,153.0,1117.0,-321.0,9880700000.0,1848200000000.0,225.0,1870.0
ALPA3,839.0,-2512.0,108.0,1425.0,0.0,738.0,327.0,2604.0,1224.0,3029.0,1662.0,547.0,-569.0,250.0,316.0,-430.0,3688430.0,530989000000.0,25.0,197.0
EMBR3,1695.0,-2482.0,104.0,494.0,0.0,243.0,122.0,625.0,-150.0,952.0,607.0,790.0,-240.0,152.0,537.0,-418.0,12411000000.0,1210230000000.0,139.0,1835.0
ALPA4,783.0,-2345.0,101.0,1330.0,0.0,689.0,305.0,2430.0,1143.0,2856.0,1567.0,547.0,-569.0,250.0,316.0,-430.0,5247320000.0,530989000000.0,25.0,197.0
MODL3,308.0,-2299.0,188.0,0.0,142.0,0.0,0.0,0.0,0.0,0.0,0.0,0.0,0.0,0.0,0.0,-817.0,0.0,115489000000.0,0.0,-6237.0
LJQQ3,383.0,-2221.0,140.0,307.0,0.0,254.0,96.0,1785.0,-139.0,2228.0,565.0,172.0,-138.0,171.0,174.0,-630.0,1751750000.0,51275600000.0,75.0,1126.0
MODL4,272.0,-2030.0,166.0,0.0,0.0,0.0,0.0,0.0,0.0,0.0,0.0,0.0,0.0,0.0,0.0,-817.0,0.0,115489000000.0,0.0,-6237.0
AMBP3,2013.0,-1983.0,213.0,504.0,67.0,210.0,71.0,251.0,-55.0,726.0,519.0,2009.0,-69.0,275.0,1238.0,-1075.0,2409570000.0,106651000000.0,701.0,11035.0
GOLL4,656.0,-1932.0,-13.0,154.0,0.0,167.0,-25.0,181.0,-8.0,945.0,454.0,852.0,-80.0,21.0,1122.0,70.0,9338050000.0,-2041530000000.0,-60.0,769.0
RCSL3,182.0,-1815.0,53503.0,3495.0,0.0,3793.0,2332.0,-21157.0,-787.0,-21132.0,159586.0,-165.0,-1951.0,147.0,-187.0,-294757.0,313776000.0,43300000.0,0.0,5662.0
ORVR3,3601.0,-1787.0,485.0,3923.0,0.0,1423.0,1285.0,4563.0,-325.0,5897.0,1476.0,860.0,-2099.0,181.0,342.0,-2714.0,1401340000.0,61566800000.0,164.0,4138.0
SYNE3,406.0,-1725.0,41.0,1462.0,0.0,155.0,193.0,451.0,-60.0,953.0,649.0,3245.0,-534.0,421.0,373.0,-238.0,74288300.0,150707000000.0,67.0,1623.0
MGLU3,204.0,-1537.0,138.0,366.0,0.0,387.0,359.0,1241.0,-212.0,1669.0,783.0,295.0,-238.0,125.0,439.0,-895.0,27499000000.0,1001150000000.0,72.0,2299.0
ZAMP3,610.0,-1507.0,123.0,444.0,0.0,418.0,1260.0,1976.0,-95.0,2840.0,474.0,225.0,-295.0,118.0,254.0,-815.0,2199580000.0,136723000000.0,85.0,1038.0
RCSL4,148.0,-1476.0,43508.0,2842.0,0.0,3084.0,1896.0,-17204.0,-640.0,-17180.0,129739.0,-165.0,-1951.0,147.0,-187.0,-294757.0,737085000.0,43300000.0,0.0,5662.0
ESPA3,150.0,-1435.0,62.0,559.0,0.0,237.0,222.0,520.0,-119.0,1205.0,689.0,1075.0,-414.0,135.0,510.0,-430.0,304369000.0,87823400000.0,105.0,1270.0
TESA3,4800.0,-1330.0,162.0,1007.0,0.0,523.0,-1110.0,941.0,-135.0,1525.0,1009.0,1071.0,-758.0,86.0,642.0,-1218.0,0.0,85822300000.0,104.0,1548.0
DASA3,1230.0,-1231.0,114.0,668.0,59.0,338.0,2168.0,901.0,-85.0,1707.0,797.0,741.0,-545.0,105.0,444.0,-924.0,1257370000.0,813912000000.0,137.0,3918.0
OPCT3,545.0,-1220.0,138.0,776.0,0.0,463.0,-804.0,690.0,-122.0,1332.0,525.0,1124.0,423.0,83.0,752.0,-1132.0,372471000.0,78933000000.0,148.0,4847.0
CASH3,631.0,-1182.0,71.0,1477.0,0.0,465.0,94.0,-466.0,103.0,-129.0,-154.0,-3169.0,-1291.0,271.0,-1519.0,-600.0,2606970000.0,77057300000.0,0.0,4525.0
COGN3,254.0,-1169.0,39.0,870.0,0.0,186.0,351.0,398.0,-62.0,912.0,586.0,2188.0,-777.0,141.0,521.0,-335.0,6206160000.0,1218080000000.0,64.0,-679.0
MTIG3,521.0,-1122.0,-8136.0,12686.0,0.0,8360.0,-1154.0,-2136.0,-997.0,-2262.0,-2476.0,-5938.0,-11309.0,27.0,-4780.0,72528.0,0.0,-783538000.0,-495.0,-2654.0
IRBR3,4101.0,-1092.0,82.0,499.0,0.0,163.0,0.0,-312.0,0.0,0.0,0.0,-1596.0,-456.0,0.0,0.0,-747.0,10160800000.0,413742000000.0,0.0,0.0
ECPR4,9074.0,-992.0,122.0,0.0,0.0,624.0,17557.0,-8297.0,-129.0,-8260.0,-8272.0,0.0,0.0,297.0,-75.0,-1228.0,0.0,14147600000.0,0.0,0.0
ECPR3,9025.0,-987.0,121.0,0.0,0.0,621.0,17462.0,-8252.0,-129.0,-8215.0,-8227.0,0.0,0.0,297.0,-75.0,-1228.0,0.0,14147600000.0,0.0,0.0
ANIM3,264.0,-971.0,41.0,293.0,0.0,106.0,813.0,187.0,-21.0,918.0,463.0,1567.0,114.0,107.0,643.0,-426.0,3564570000.0,257994000000.0,200.0,3947.0
ENJU3,138.0,-896.0,75.0,1904.0,0.0,662.0,93.0,-477.0,95.0,25.0,39.0,-3990.0,-2124.0,829.0,-5193.0,-832.0,120849000.0,37509400000.0,0.0,1893.0
ALPK3,455.0,-762.0,266.0,790.0,0.0,365.0,-336.0,390.0,-52.0,877.0,454.0,2023.0,-998.0,60.0,1119.0,-3495.0,105424000.0,36651900000.0,413.0,3668.0
NTCO3,1533.0,-748.0,103.0,615.0,0.0,419.0,491.0,1495.0,-154.0,2195.0,794.0,411.0,-822.0,136.0,342.0,-1380.0,16712300000.0,2054390000000.0,65.0,-872.0
CEED4,3000.0,-682.0,-71.0,416.0,0.0,273.0,462.0,420.0,-27.0,933.0,704.0,991.0,-609.0,118.0,873.0,1045.0,0.0,-287173000000.0,-138.0,1158.0
TCNO3,120.0,-681.0,-840.0,0.0,0.0,34.0,-8.0,-287.0,-4.0,-1511.0,-1745.0,0.0,0.0,28.0,-159.0,12336.0,0.0,-94600000.0,-3576.0,-3239.0
CEED3,2700.0,-614.0,-64.0,374.0,0.0,246.0,416.0,378.0,-25.0,891.0,672.0,991.0,-609.0,118.0,873.0,1045.0,106609.0,-287173000000.0,-138.0,1158.0
AERI3,84.0,-604.0,76.0,217.0,0.0,202.0,85.0,230.0,-166.0,565.0,475.0,943.0,-359.0,163.0,1422.0,-1265.0,679153000.0,84321500000.0,212.0,2326.0
BLUT3,514.0,-563.0,46.0,0.0,0.0,138.0,-76.0,-4293.0,-20.0,-5397.0,-5397.0,0.0,0.0,0.0,-33.0,-824.0,309181.0,5656900000.0,12.0,0.0
MBLY3,374.0,-526.0,77.0,653.0,0.0,490.0,123.0,-475.0,257.0,-488.0,-2834.0,-1373.0,-1242.0,349.0,-1432.0,-1470.0,696352000.0,51545100000.0,34.0,-711.0
MLAS3,276.0,-520.0,60.0,565.0,0.0,348.0,63.0,-460.0,93.0,-500.0,-567.0,-1228.0,-1087.0,327.0,-997.0,-1161.0,827791000.0,375448000000.0,29.0,-793.0
BRKM3,2180.0,-511.0,240.0,213.0,0.0,197.0,155.0,-1169.0,-37.0,-2646.0,1076.0,-182.0,-476.0,149.0,-246.0,-4700.0,93191900.0,723256000000.0,519.0,1594.0
AZEV4,255.0,-497.0,199.0,446.0,0.0,386.0,-354.0,-211.0,-100.0,-249.0,-380.0,-2112.0,-898.0,79.0,-2164.0,-4011.0,715995000.0,11922300000.0,43.0,76166.0
BRFS3,1006.0,-494.0,185.0,312.0,0.0,312.0,748.0,13006.0,-82.0,25232.0,1010.0,24.0,-637.0,110.0,39.0,-3745.0,21122100000.0,915265000000.0,260.0,1703.0
AZEV3,253.0,-493.0,198.0,442.0,0.0,383.0,-351.0,-209.0,-99.0,-247.0,-377.0,-2112.0,-898.0,79.0,-2164.0,-4011.0,299187000.0,11922300000.0,43.0,76166.0
GPAR3,4451.0,-488.0,492.0,-2175720.0,1551.0,4697.0,1692.0,-162531.0,1946.0,-154669.0,-179515.0,13387.0,4458940.0,3076.0,-38.0,-10086.0,0.0,72059000000.0,0.0,389.0
BRPR3,66418.0,-483.0,17.0,1945.0,101666.0,89.0,45.0,667.0,52.0,2931.0,2779.0,2917.0,-4177.0,146.0,141.0,-343.0,928023000.0,186036000000.0,65.0,-1685.0
TCNO4,85.0,-482.0,-595.0,0.0,0.0,24.0,-6.0,-204.0,-3.0,-1427.0,-1648.0,0.0,0.0,28.0,-159.0,12336.0,0.0,-94600000.0,-3576.0,-3239.0
BRKM5,2023.0,-474.0,223.0,198.0,0.0,183.0,144.0,-1085.0,-34.0,-2561.0,1042.0,-182.0,-476.0,149.0,-246.0,-4700.0,9169020000.0,723256000000.0,519.0,1594.0
NORD3,546.0,-474.0,-23.0,17835.0,0.0,1968.0,-23.0,-10448.0,-21.0,-21411.0,-21411.0,-1707.0,-37657.0,1.0,-192.0,489.0,7663.0,-15623700000.0,-24.0,1429.0
BIOM3,510.0,-468.0,343.0,3395.0,0.0,1211.0,887.0,-600.0,-433.0,-759.0,-755.0,-5659.0,-7257.0,159.0,-2543.0,-7328.0,6026200.0,12092800000.0,132.0,11938.0
SEER3,580.0,-462.0,60.0,424.0,0.0,214.0,375.0,374.0,-52.0,633.0,294.0,1134.0,-917.0,134.0,617.0,-1303.0,1042630000.0,124056000000.0,59.0,928.0
BRKM6,1850.0,-434.0,204.0,181.0,0.0,168.0,131.0,-992.0,-31.0,-2469.0,1004.0,-182.0,-476.0,149.0,-246.0,-4700.0,115493.0,723256000000.0,519.0,1594.0
AGXY3,415.0,-361.0,67.0,64.0,96.0,81.0,145.0,149.0,-97.0,344.0,272.0,429.0,-169.0,108.0,1260.0,-1862.0,29126200.0,105509000000.0,200.0,6016.0
TEND3,1200.0,-353.0,215.0,576.0,0.0,343.0,236.0,-3292.0,-106.0,-4691.0,18483.0,-175.0,-1660.0,139.0,-130.0,-6077.0,4634680000.0,68781900000.0,198.0,940.0
AALR3,846.0,-349.0,116.0,884.0,0.0,397.0,-311.0,-59076.0,-81.0,-111946.0,1651.0,-15.0,-2460.0,55.0,-7.0,-3311.0,542622000.0,86537800000.0,115.0,306.0
BAHI3,1000.0,-298.0,407.0,705.0,0.0,408.0,-131.0,-1356.0,-51.0,-2216.0,-48452.0,-520.0,-2470.0,19.0,-319.0,-13646.0,3250700.0,6486600000.0,295.0,6818.0
AZUL4,1380.0,-296.0,-24.0,274.0,0.0,281.0,-39.0,215.0,-15.0,1182.0,584.0,1272.0,-923.0,28.0,1643.0,824.0,16531600000.0,-1968200000000.0,-113.0,1581.0
MRFG3,706.0,-287.0,115.0,34.0,1288.0,37.0,84.0,217.0,-8.0,2241.0,530.0,156.0,-361.0,114.0,235.0,-3999.0,10445600000.0,405375000000.0,1533.0,3334.0
KRSA3,82.0,-285.0,60.0,293.0,0.0,133.0,92.0,278.0,-28.0,1262.0,735.0,1054.0,-975.0,202.0,541.0,-2117.0,84835600.0,105043000000.0,232.0,2484.0
APTI4,350000.0,-283.0,31.0,1473.0,0.0,136.0,37.0,927.0,-114.0,592.0,480.0,1588.0,-5214.0,640.0,175.0,-1090.0,0.0,21569600000.0,25.0,141.0
WEST3,137.0,-260.0,53.0,684.0,0.0,387.0,92.0,-184.0,111.0,-34.0,-47.0,-3716.0,-2627.0,316.0,-3930.0,-2029.0,318504000.0,28673100000.0,9.0,-989.0
CVCB3,247.0,-235.0,207.0,896.0,0.0,266.0,-282.0,-1384.0,-78.0,-1406.0,844.0,-647.0,-3814.0,85.0,-306.0,-8807.0,5814270000.0,52994300000.0,149.0,-924.0
TRAD3,98.0,-221.0,57.0,4473.0,0.0,531.0,227.0,-302.0,227.0,-175.0,-226.0,-14787.0,-20245.0,492.0,-2270.0,-2559.0,174416000.0,48576200000.0,0.0,-4048.0
MMXM3,1400.0,-217.0,-11.0,0.0,0.0,710.0,-10.0,470.0,-9.0,1864.0,1864.0,0.0,0.0,1.0,2593.0,497.0,0.0,-84266100000.0,-32.0,-2851.0
CTSA3,273.0,-210.0,30.0,455.0,0.0,137.0,-274.0,-127.0,-40.0,-319.0,-392.0,-3576.0,-2165.0,80.0,-1196.0,-1426.0,1023230.0,25325200000.0,46.0,-1681.0
JFEN3,249.0,-196.0,-8.0,700.0,0.0,46.0,-32.0,-94.0,-6.0,-1152.0,-1186.0,-7474.0,-3818.0,85.0,-532.0,417.0,2273180.0,-64087400000.0,-95.0,-2868.0
IFCM3,136.0,-190.0,37.0,532.0,0.0,159.0,2137.0,-718.0,-55.0,-1429.0,1231.0,-741.0,-2793.0,103.0,-279.0,-1952.0,1223230000.0,141687000000.0,53.0,4447.0
FRIO3,4505.0,-176.0,-44.0,99.0,0.0,107.0,-31.0,241.0,-23.0,2003.0,1164.0,411.0,-493.0,68.0,628.0,2522.0,165460.0,-41679300000.0,-361.0,1111.0
DOTZ3,111.0,-174.0,-72.0,1031.0,0.0,462.0,-96.0,-298.0,-40.0,-289.0,-605.0,-3460.0,-5940.0,51.0,-2864.0,4149.0,29928100.0,-20357800000.0,-52.0,1386.0
BLUT4,152.0,-166.0,14.0,0.0,0.0,41.0,-22.0,-1269.0,-6.0,-2374.0,-2374.0,0.0,0.0,0.0,-33.0,-824.0,1045320.0,5656900000.0,12.0,0.0
ESTR3,1259.0,-157.0,-19.0,585.0,0.0,397.0,-18.0,2789.0,-15.0,4852.0,3087.0,210.0,-3727.0,18.0,159.0,1201.0,11691.0,-53962400000.0,-14.0,1130.0
GSHP3,1380.0,-143.0,-4.0,173.0,0.0,17.0,-41.0,60.0,-1.0,3798.0,3617.0,2888.0,-1206.0,78.0,317.0,246.0,52398.0,-75678000000.0,-234.0,29.0
GFSA3,395.0,-140.0,14.0,199.0,0.0,46.0,11.0,-302.0,132.0,-2271.0,-3763.0,-659.0,-1420.0,232.0,-162.0,-1002.0,1444190000.0,177658000000.0,110.0,2459.0
CTSA4,173.0,-133.0,19.0,289.0,0.0,87.0,-174.0,-81.0,-25.0,-273.0,-335.0,-3576.0,-2165.0,80.0,-1196.0,-1426.0,8427630.0,25325200000.0,46.0,-1681.0
VIVR3,320.0,-118.0,407.0,673.0,0.0,231.0,535.0,-393.0,-53.0,-406.0,-426.0,-1711.0,-5715.0,109.0,-669.0,-34616.0,202316000.0,1845500000.0,179.0,6596.0
CTNM3,959.0,-96.0,58.0,165.0,0.0,78.0,-1240.0,-231.0,-20.0,-1079.0,-7864.0,-712.0,-2995.0,98.0,-402.0,-6074.0,416528.0,50407900000.0,275.0,-110.0
FHER3,765.0,-91.0,405.0,73.0,0.0,154.0,79.0,-100.0,-70.0,-91.0,-100.0,-736.0,-802.0,135.0,-2771.0,-44386.0,39164500.0,10164200000.0,31.0,3798.0
TPIS3,426.0,-87.0,25.0,220.0,431.0,67.0,-53.0,-113.0,-10.0,-1064.0,1985.0,-1944.0,-2577.0,30.0,-626.0,-2847.0,23715700.0,76067300000.0,213.0,-164.0
CTSA8,100.0,-77.0,11.0,167.0,0.0,50.0,-100.0,-47.0,-15.0,-239.0,-293.0,-3576.0,-2165.0,80.0,-1196.0,-1426.0,0.0,25325200000.0,46.0,-1681.0
ESTR4,580.0,-72.0,-9.0,270.0,0.0,183.0,-8.0,1285.0,-7.0,3348.0,2130.0,210.0,-3727.0,18.0,159.0,1201.0,43995.0,-53962400000.0,-14.0,1130.0
FRTA3,230.0,-65.0,-6.0,636.0,0.0,150.0,-5.0,-111.0,-5.0,-1600.0,-1743.0,-5742.0,-9799.0,4.0,-1854.0,1001.0,1101800.0,-7272400000.0,-88.0,-117.0
INEP3,450.0,-52.0,-11.0,21762.0,0.0,151.0,-15.0,-356.0,-7.0,-2025.0,-2253.0,-61069.0,-403296.0,8.0,-447.0,2128.0,38928100.0,-177668000000.0,-51.0,-1925.0
PCAR3,325.0,-42.0,8.0,137.0,0.0,20.0,8.0,965.0,-51.0,4198.0,489.0,142.0,-2900.0,160.0,24.0,-1846.0,5280290000.0,1122000000000.0,55.0,-3693.0
LIGT3,580.0,-41.0,71.0,163.0,0.0,92.0,-20.0,-149.0,-13.0,-740.0,-1552.0,-1092.0,-3974.0,27.0,-713.0,-17220.0,1288770000.0,306019000000.0,337.0,320.0
INEP4,330.0,-38.0,-8.0,15959.0,0.0,111.0,-11.0,-261.0,-5.0,-1930.0,-2147.0,-61069.0,-403296.0,8.0,-447.0,2128.0,14698500.0,-177668000000.0,-51.0,-1925.0
SEQL3,52.0,-37.0,30.0,80.0,0.0,57.0,1846.0,-65.0,-11.0,-616.0,-20222.0,-1229.0,-2133.0,101.0,-975.0,-7953.0,832499000.0,36260800000.0,277.0,133.0
AMAR3,58.0,-32.0,65.0,78.0,0.0,75.0,-4832.0,1844.0,-17.0,11592.0,492.0,42.0,-2464.0,100.0,58.0,-20606.0,385760000.0,30419900000.0,457.0,-31.0
AVLL3,472.0,-26.0,-26.0,397.0,0.0,95.0,-16.0,-890.0,-9.0,-7214.0,-10408.0,-445.0,-15127.0,32.0,-122.0,9981.0,1137740.0,-51645300000.0,-213.0,-163.0
CTNM4,181.0,-18.0,11.0,31.0,0.0,15.0,-234.0,-44.0,-4.0,-892.0,-6495.0,-712.0,-2995.0,98.0,-402.0,-6074.0,3996100.0,50407900000.0,275.0,-110.0
RPMG3,227.0,-17.0,-3.0,29.0,0.0,27.0,-4.0,-15.0,-3.0,-15.0,-16.0,-1956.0,-1730.0,55.0,-1909.0,1909.0,2315920.0,-476484000000.0,0.0,5291.0
SGPS3,127.0,-14.0,10.0,44.0,0.0,22.0,92.0,-52.0,-5.0,-706.0,-3896.0,-847.0,-3140.0,107.0,-505.0,-7500.0,38376300.0,60575100000.0,175.0,3.0
SNSY5,405.0,-10.0,-2.0,36.0,0.0,64.0,744.0,148.0,-1.0,740.0,417.0,244.0,-3458.0,102.0,484.0,1603.0,3794250.0,-186370000000.0,-7.0,2143.0
NEXP3,517.0,-9.0,-11.0,102.0,0.0,106.0,-25.0,-342.0,-6.0,-1592.0,744.0,-300.0,-11108.0,45.0,-335.0,11725.0,3759040.0,-12941800000.0,-43.0,119.0
PMAM3,492.0,-7.0,-6.0,159.0,0.0,102.0,-7.0,-36.0,-4.0,-614.0,-739.0,-4452.0,-23024.0,19.0,-3903.0,8552.0,13087000.0,-362574000000.0,-96.0,-2624.0
OIBR4,191.0,-6.0,-5.0,121.0,0.0,43.0,-64.0,-31.0,-3.0,-559.0,-1882.0,-3868.0,-21944.0,83.0,-1789.0,9520.0,18837700.0,-2399310000000.0,-99.0,-1780.0
OSXB3,451.0,-5.0,0.0,389.0,0.0,5.0,-2.0,-46.0,0.0,-18641.0,-31434.0,-8394.0,-99060.0,1.0,-121.0,487.0,1465380.0,-602289000000.0,-95.0,4542.0
TEKA4,1430.0,-5.0,0.0,26.0,0.0,6.0,0.0,-226.0,0.0,-17074.0,41333.0,-115.0,-5476.0,4.0,-47.0,757.0,780353.0,-199395000000.0,-27.0,2080.0
TEKA3,823.0,-3.0,0.0,15.0,0.0,4.0,0.0,-130.0,0.0,-16978.0,41100.0,-115.0,-5476.0,4.0,-47.0,757.0,0.0,-199395000000.0,-27.0,2080.0
OIBR3,58.0,-2.0,-2.0,37.0,0.0,13.0,-20.0,-10.0,-1.0,-537.0,-1809.0,-3868.0,-21944.0,83.0,-1789.0,9520.0,559960000.0,-2399310000000.0,-99.0,-1780.0
PDGR3,406.0,-2.0,0.0,118.0,0.0,12.0,0.0,-28.0,0.0,-2810.0,-2855.0,-4222.0,-74266.0,24.0,-614.0,1585.0,44405300.0,-515505000000.0,-27.0,-598.0
LCAM3,2415.0,0.0,212.0,0.0,0.0,741.0,20239.0,0.0,-159.0,0.0,0.0,0.0,0.0,102.0,0.0,0.0,0.0,705817000000.0,153.0,3845.0
JBDU3,0.0,0.0,0.0,0.0,0.0,0.0,0.0,0.0,0.0,0.0,0.0,0.0,0.0,0.0,0.0,0.0,0.0,5656900000.0,0.0,0.0
LAND3,0.0,0.0,0.0,0.0,0.0,0.0,0.0,0.0,0.0,0.0,0.0,0.0,0.0,0.0,0.0,0.0,0.0,70119000000.0,0.0,945.0
EEEL4,41000.0,0.0,279.0,0.0,0.0,771.0,605.0,0.0,-161.0,0.0,0.0,0.0,0.0,211.0,0.0,0.0,0.0,141034000000.0,117.0,325.0
EEEL3,42101.0,0.0,286.0,0.0,0.0,792.0,621.0,0.0,-165.0,0.0,0.0,0.0,0.0,211.0,0.0,0.0,0.0,141034000000.0,117.0,325.0
CESP3,2555.0,0.0,99.0,0.0,0.0,529.0,399.0,0.0,-371.0,0.0,0.0,0.0,0.0,170.0,0.0,0.0,0.0,902694000000.0,26.0,1041.0
VSPT3,0.0,0.0,0.0,0.0,0.0,0.0,0.0,0.0,0.0,0.0,0.0,0.0,0.0,0.0,0.0,0.0,0.0,191384000000.0,0.0,848.0
CESP6,2525.0,0.0,98.0,0.0,0.0,523.0,394.0,0.0,-366.0,0.0,0.0,0.0,0.0,170.0,0.0,0.0,0.0,902694000000.0,26.0,1041.0
CESP5,2500.0,0.0,97.0,0.0,0.0,518.0,390.0,0.0,-363.0,0.0,0.0,0.0,0.0,170.0,0.0,0.0,0.0,902694000000.0,26.0,1041.0
DMFN3,1260.0,0.0,84.0,0.0,424.0,0.0,0.0,0.0,0.0,0.0,0.0,0.0,0.0,0.0,0.0,0.0,0.0,1363100000.0,0.0,-510.0
RSID3,382.0,0.0,-6.0,0.0,0.0,118.0,-7.0,0.0,-5.0,0.0,0.0,0.0,0.0,24.0,0.0,0.0,15992100.0,-120009000000.0,-52.0,-3123.0
HETA4,602.0,1.0,-1.0,921.0,0.0,223.0,-232.0,139.0,-1.0,14853.0,14853.0,6617.0,616836.0,73.0,1618.0,-5852.0,297358.0,-35139600000.0,-92.0,4421.0
ATMP3,250.0,6.0,2968.0,160.0,0.0,43.0,422.0,-36.0,-6.0,-181.0,-446.0,-4470.0,25868.0,105.0,-1259.0,4784250.0,18035100.0,225000000.0,14587.0,-1722.0
MNDL3,5600.0,15.0,82.0,172.0,0.0,107.0,-84.0,148.0,-21.0,547.0,468.0,1162.0,11286.0,73.0,779.0,53681.0,5929070.0,17005500000.0,224.0,1645.0
MMAQ4,20006.0,23.0,4.0,9.0,0.0,17.0,6.0,123.0,6.0,2683.0,2683.0,76.0,408.0,158.0,150.0,1588.0,0.0,24684700000.0,82.0,3275.0
HETA3,9600.0,24.0,-14.0,14685.0,0.0,3551.0,-3706.0,2219.0,-14.0,16933.0,16933.0,6617.0,616836.0,73.0,1618.0,-5852.0,0.0,-35139600000.0,-92.0,4421.0
CORR4,8200.0,26.0,36.0,5684.0,0.0,113.0,19.0,-57.0,142.0,318.0,322.0,-100389.0,217575.0,458.0,-7999.0,13601.0,0.0,534300000.0,0.0,-2427.0
SLED4,190.0,27.0,-5.0,246.0,0.0,284.0,-12.0,-26.0,-4.0,-78.0,-95.0,-9381.0,9272.0,12.0,-225994.0,-1807.0,33916200.0,-38127700000.0,-9.0,-4869.0
BDLL4,970.0,28.0,-11.0,406.0,0.0,25.0,-208.0,-34.0,-3.0,-381.0,-403.0,-11843.0,14473.0,98.0,-778.0,-3884.0,285777.0,-14229200000.0,-128.0,-1795.0
HOOT4,234.0,31.0,-20.0,335.0,0.0,85.0,-13.0,27.0,-6.0,20.0,19.0,12635.0,10920.0,13.0,3350.0,-6602.0,941240.0,-21211500000.0,0.0,1576.0
BDLL3,1155.0,33.0,-13.0,484.0,0.0,29.0,-247.0,-41.0,-4.0,-388.0,-410.0,-11843.0,14473.0,98.0,-778.0,-3884.0,5523.0,-14229200000.0,-128.0,-1795.0
MGEL4,1580.0,41.0,285.0,95.0,0.0,116.0,76.0,115.0,-24.0,819.0,652.0,830.0,2318.0,149.0,1225.0,69247.0,2305720.0,3209600000.0,2014.0,2077.0
SLED3,322.0,45.0,-8.0,417.0,0.0,482.0,-20.0,-44.0,-7.0,-96.0,-118.0,-9381.0,9272.0,12.0,-225994.0,-1807.0,3068390.0,-38127700000.0,-9.0,-4869.0
RNEW3,117.0,45.0,34.0,1183.0,0.0,107.0,-92.0,-1472.0,-16.0,-6484.0,1796.0,-804.0,26171.0,20.0,-75.0,7553.0,24545400.0,85508700000.0,120.0,18.0
RNEW4,117.0,45.0,34.0,1183.0,0.0,107.0,-92.0,-1472.0,-16.0,-6484.0,1796.0,-804.0,26171.0,20.0,-75.0,7553.0,17771100.0,85508700000.0,120.0,18.0
IGBR3,17599.0,56.0,-34.0,30247.0,0.0,1035.0,-99.0,-370.0,-29.0,-785.0,-821.0,-81712.0,537932.0,33.0,-5799.0,-6010.0,1039330.0,-65095700000.0,-54.0,1397.0
MWET4,856.0,57.0,-147.0,61.0,0.0,63.0,-99.0,813.0,-10.0,4125.0,1375.0,75.0,1062.0,86.0,87.0,-25712.0,3227370.0,-1196100000.0,-603.0,1701.0
MGEL3,2500.0,65.0,450.0,151.0,0.0,184.0,120.0,182.0,-38.0,886.0,706.0,830.0,2318.0,149.0,1225.0,69247.0,0.0,3209600000.0,2014.0,2077.0
MWET3,1330.0,89.0,-229.0,95.0,0.0,99.0,-154.0,1264.0,-15.0,4575.0,1526.0,75.0,1062.0,86.0,87.0,-25712.0,9270.0,-1196100000.0,-603.0,1701.0
HAGA4,110.0,171.0,-24.0,442.0,0.0,222.0,54.0,-1648.0,-20.0,677.0,-1027.0,-268.0,2582.0,193.0,-426.0,-1378.0,5332920.0,-5545360000.0,-37.0,874.0
AHEB5,1659.0,189.0,1653.0,301.0,0.0,386.0,289.0,144.0,-70.0,111.0,104.0,2087.0,1593.0,146.0,3341.0,87355.0,19205.0,857700000.0,51.0,4978.0
AHEB6,1702.0,194.0,1695.0,309.0,0.0,396.0,296.0,148.0,-71.0,115.0,107.0,2087.0,1593.0,146.0,3341.0,87355.0,16519.0,857700000.0,51.0,4978.0
LUPA3,211.0,212.0,53.0,864.0,0.0,168.0,223.0,-476.0,-44.0,-1323.0,-3351.0,-1816.0,4069.0,133.0,-367.0,2486.0,174505000.0,15690600000.0,96.0,-816.0
AHEB3,1895.0,216.0,1888.0,344.0,0.0,441.0,330.0,165.0,-80.0,132.0,123.0,2087.0,1593.0,146.0,3341.0,87355.0,13951.0,857700000.0,51.0,4978.0
PETR4,3452.0,288.0,121.0,774.0,2680.0,455.0,-3046.0,172.0,-94.0,256.0,199.0,4497.0,2699.0,90.0,2895.0,4219.0,163162000000.0,37068300000000.0,75.0,1942.0
CALI3,1410.0,288.0,173.0,318.0,317.0,256.0,188.0,284.0,-47.0,553.0,542.0,1120.0,1105.0,182.0,993.0,5997.0,73665.0,3038100000.0,204.0,13709.0
BRAP3,2024.0,289.0,105.0,0.0,1316.0,1041.0,3892.0,-39207.0,3902.0,-37929.0,-37929.0,0.0,0.0,470.0,-27.0,3631.0,127564000.0,758576000000.0,0.0,0.0
SUZB3,5407.0,308.0,168.0,1461.0,341.0,518.0,308.0,373.0,-124.0,658.0,475.0,3918.0,4740.0,256.0,1712.0,5450.0,26775600000.0,4258750000000.0,175.0,2525.0
BRAP4,2191.0,313.0,114.0,0.0,1337.0,1127.0,4213.0,-42442.0,4224.0,-41164.0,-41164.0,0.0,0.0,470.0,-27.0,3631.0,6804260000.0,758576000000.0,0.0,0.0
PETR3,3770.0,314.0,133.0,846.0,2454.0,497.0,-3327.0,188.0,-102.0,272.0,212.0,4497.0,2699.0,90.0,2895.0,4219.0,46387100000.0,37068300000000.0,75.0,1942.0
FIGE3,1203.0,323.0,18.0,0.0,32.0,0.0,0.0,0.0,0.0,0.0,0.0,0.0,0.0,0.0,0.0,569.0,0.0,15444700000.0,0.0,6879.0
CEDO3,1594.0,332.0,106.0,131.0,0.0,190.0,551.0,94.0,-70.0,231.0,204.0,1393.0,330.0,107.0,2327.0,3183.0,2972190.0,15081200000.0,164.0,2046.0
CTKA4,1547.0,337.0,-72.0,150.0,0.0,158.0,54.0,178.0,-29.0,1068.0,811.0,844.0,446.0,175.0,1100.0,-2130.0,1009830.0,-13368800000.0,-401.0,2129.0
CEDO4,1657.0,345.0,110.0,136.0,0.0,197.0,572.0,98.0,-73.0,234.0,207.0,1393.0,330.0,107.0,2327.0,3183.0,15960100.0,15081200000.0,164.0,2046.0
BNBR3,8950.0,346.0,78.0,0.0,693.0,0.0,0.0,0.0,0.0,0.0,0.0,0.0,0.0,0.0,0.0,2264.0,637712.0,986232000000.0,0.0,2086.0
GOAU3,1121.0,362.0,67.0,152.0,1035.0,155.0,55.0,94.0,174.0,140.0,112.0,1611.0,1261.0,303.0,1935.0,1839.0,56114700.0,1740170000000.0,61.0,2138.0
GOAU4,1128.0,364.0,67.0,153.0,1028.0,156.0,56.0,95.0,175.0,140.0,113.0,1611.0,1261.0,303.0,1935.0,1839.0,7914050000.0,1740170000000.0,61.0,2138.0
BAZA3,8400.0,377.0,86.0,0.0,659.0,0.0,0.0,0.0,0.0,0.0,0.0,0.0,0.0,0.0,0.0,2287.0,38113800.0,546261000000.0,0.0,2994.0
CLSC3,6117.0,385.0,74.0,230.0,464.0,200.0,-1054.0,324.0,-50.0,522.0,371.0,711.0,598.0,95.0,740.0,1914.0,972665.0,320119000000.0,77.0,915.0
HAGA3,249.0,388.0,-53.0,1001.0,0.0,502.0,123.0,-3731.0,-46.0,-1405.0,2132.0,-268.0,2582.0,193.0,-426.0,-1378.0,2905460.0,-5545360000.0,-37.0,874.0
CTKA3,1800.0,392.0,-84.0,175.0,0.0,183.0,63.0,207.0,-34.0,1097.0,833.0,844.0,446.0,175.0,1100.0,-2130.0,0.0,-13368800000.0,-401.0,2129.0
ALSO3,2194.0,393.0,86.0,6781.0,237.0,446.0,951.0,1472.0,-132.0,1272.0,827.0,4608.0,17735.0,187.0,324.0,2184.0,10758700000.0,1467350000000.0,0.0,3808.0
BBAS3,4616.0,400.0,84.0,0.0,994.0,0.0,0.0,0.0,0.0,0.0,0.0,0.0,0.0,0.0,0.0,2105.0,40321500000.0,15720000000000.0,0.0,2097.0
JALL3,850.0,403.0,126.0,1465.0,521.0,397.0,191.0,1360.0,-117.0,2767.0,613.0,1078.0,3637.0,253.0,348.0,3130.0,962742000.0,198674000000.0,174.0,1645.0
CMIG4,1237.0,411.0,115.0,759.0,893.0,499.0,798.0,345.0,-157.0,447.0,388.0,2202.0,1849.0,134.0,1635.0,2807.0,11241900000.0,2360910000000.0,50.0,1180.0
GGBR3,2238.0,411.0,80.0,516.0,1445.0,533.0,197.0,320.0,693.0,373.0,300.0,1613.0,1259.0,294.0,1939.0,1952.0,115435000.0,4897690000000.0,22.0,2138.0
CLSC4,6599.0,416.0,80.0,248.0,473.0,216.0,-1137.0,349.0,-54.0,547.0,389.0,711.0,598.0,95.0,740.0,1914.0,40386000.0,320119000000.0,77.0,915.0
HBTS5,5660.0,432.0,90.0,5130.0,422.0,358.0,-1011.0,2250.0,-74.0,2927.0,2746.0,2280.0,11883.0,77.0,171.0,2089.0,1220930.0,57323800000.0,43.0,4914.0
POSI3,661.0,440.0,67.0,247.0,778.0,243.0,59.0,250.0,147.0,485.0,427.0,991.0,574.0,207.0,1286.0,1532.0,1299770000.0,138955000000.0,95.0,2513.0
AURE3,1369.0,442.0,93.0,2330.0,1096.0,415.0,282.0,1642.0,-152.0,1695.0,998.0,1419.0,5270.0,212.0,321.0,2094.0,3914640000.0,1478600000000.0,45.0,4752.0
CIEL3,340.0,449.0,79.0,1404.0,853.0,96.0,69.0,593.0,293.0,1007.0,767.0,2366.0,3127.0,119.0,523.0,1759.0,14510200000.0,1169750000000.0,63.0,-1012.0
MTSA4,4831.0,449.0,102.0,585.0,694.0,775.0,139.0,379.0,145.0,295.0,269.0,1541.0,1302.0,360.0,2888.0,2264.0,16004400.0,41758700000.0,9.0,3160.0
GGBR4,2445.0,449.0,88.0,563.0,1323.0,582.0,215.0,349.0,757.0,402.0,323.0,1613.0,1259.0,294.0,1939.0,1952.0,26138100000.0,4897690000000.0,22.0,2138.0
EUCA4,1278.0,456.0,55.0,448.0,618.0,303.0,219.0,299.0,-348.0,439.0,280.0,1496.0,982.0,161.0,1116.0,1213.0,50642900.0,213863000000.0,32.0,1975.0
PLAS3,800.0,458.0,-30.0,109.0,0.0,151.0,-41.0,-469.0,-12.0,-1818.0,1211.0,-233.0,239.0,43.0,-374.0,-664.0,102863.0,-32660700000.0,-90.0,2876.0
SAPR3,433.0,478.0,72.0,1110.0,784.0,370.0,789.0,265.0,-109.0,446.0,376.0,4183.0,2319.0,147.0,1520.0,1503.0,114027000.0,910057000000.0,62.0,745.0
MTRE3,442.0,479.0,45.0,580.0,1983.0,216.0,42.0,1085.0,76.0,2020.0,1777.0,535.0,1217.0,285.0,222.0,949.0,645935000.0,102821000000.0,57.0,3736.0
ROMI3,1195.0,481.0,96.0,706.0,787.0,466.0,133.0,459.0,434.0,689.0,557.0,1536.0,1472.0,231.0,1221.0,1989.0,776892000.0,110718000000.0,74.0,2180.0
TECN3,333.0,488.0,64.0,685.0,259.0,369.0,75.0,374.0,170.0,371.0,448.0,1830.0,1404.0,432.0,1281.0,1316.0,60225400.0,36756100000.0,30.0,563.0
CAMB3,896.0,498.0,187.0,774.0,309.0,1010.0,401.0,330.0,3090.0,383.0,347.0,2344.0,1555.0,205.0,3312.0,3748.0,82106800.0,20302800000.0,33.0,2425.0
BMEB4,1300.0,498.0,99.0,0.0,832.0,0.0,0.0,0.0,0.0,0.0,0.0,0.0,0.0,0.0,0.0,1980.0,28391400.0,138202000000.0,0.0,1791.0
SAPR4,451.0,498.0,75.0,1156.0,828.0,385.0,821.0,276.0,-114.0,457.0,386.0,4183.0,2319.0,147.0,1520.0,1503.0,840427000.0,910057000000.0,62.0,745.0
EPAR3,1681.0,503.0,185.0,226.0,739.0,1006.0,277.0,376.0,441.0,384.0,363.0,602.0,450.0,213.0,3601.0,3676.0,6233980.0,13520700000.0,31.0,3150.0
NEOE3,1832.0,508.0,80.0,499.0,632.0,230.0,914.0,226.0,-53.0,602.0,482.0,2210.0,995.0,110.0,1136.0,1572.0,2419140000.0,2783200000000.0,156.0,1524.0
BMKS3,30500.0,516.0,70.0,7948.0,1895.0,605.0,82.0,-2124.0,96.0,221.0,225.0,-3742.0,15394.0,2552.0,-950.0,1356.0,3489100.0,19804000000.0,3.0,169.0
CGRA3,2498.0,520.0,59.0,755.0,796.0,417.0,166.0,545.0,290.0,428.0,330.0,1386.0,1453.0,232.0,931.0,1141.0,45359800.0,84538400000.0,0.0,1206.0
CEBR3,1360.0,520.0,98.0,3452.0,1097.0,696.0,161.0,1378.0,171.0,500.0,445.0,2506.0,8067.0,572.0,920.0,1878.0,8096760.0,100346000000.0,0.0,-4719.0
EUCA3,1463.0,522.0,63.0,513.0,491.0,346.0,250.0,343.0,-398.0,482.0,307.0,1496.0,982.0,161.0,1116.0,1213.0,2668970.0,213863000000.0,32.0,1975.0
VALE3,6570.0,524.0,159.0,1445.0,617.0,676.0,3108.0,382.0,-173.0,437.0,363.0,3778.0,2780.0,115.0,1992.0,3045.0,186258000000.0,18698800000000.0,36.0,1303.0
CEBR5,1376.0,526.0,99.0,3492.0,1084.0,704.0,163.0,1394.0,173.0,516.0,460.0,2506.0,8067.0,572.0,920.0,1878.0,3393130.0,100346000000.0,0.0,-4719.0
CGRA4,2589.0,539.0,61.0,783.0,768.0,432.0,172.0,565.0,301.0,448.0,345.0,1386.0,1453.0,232.0,931.0,1141.0,34652600.0,84538400000.0,0.0,1206.0
ABCB4,1937.0,542.0,81.0,0.0,809.0,0.0,0.0,0.0,0.0,0.0,0.0,0.0,0.0,0.0,0.0,1489.0,1580360000.0,542081000000.0,0.0,1728.0
MEAL3,183.0,546.0,49.0,231.0,0.0,200.0,-391.0,-683.0,-48.0,-1143.0,529.0,-339.0,423.0,77.0,-335.0,890.0,317169000.0,107796000000.0,48.0,1269.0
COCE6,3500.0,568.0,67.0,310.0,0.0,204.0,-159.0,219.0,-46.0,640.0,465.0,1411.0,546.0,66.0,1103.0,1172.0,0.0,409583000000.0,146.0,1614.0
EQMA3B,2830.0,569.0,123.0,890.0,986.0,533.0,759.0,379.0,-199.0,511.0,429.0,2346.0,1562.0,131.0,1696.0,2156.0,825188.0,378395000000.0,69.0,1066.0
MOAR3,38800.0,574.0,306.0,0.0,410.0,1599.0,546.0,-16134.0,-2415.0,-15290.0,-15436.0,0.0,0.0,350.0,-160.0,5322.0,4875630.0,155585000000.0,56.0,-5147.0
CEBR6,1510.0,578.0,108.0,3833.0,1086.0,773.0,179.0,1530.0,189.0,652.0,581.0,2506.0,8067.0,572.0,920.0,1878.0,12274300.0,100346000000.0,0.0,-4719.0
EALT3,818.0,588.0,83.0,392.0,420.0,349.0,-21885.0,397.0,-157.0,615.0,433.0,986.0,667.0,100.0,952.0,1412.0,301707.0,22186000000.0,49.0,1634.0
BOBR4,176.0,589.0,-391.0,308.0,0.0,539.0,-370.0,224.0,-81.0,405.0,355.0,1377.0,523.0,76.0,3176.0,-6643.0,13403700.0,-11717000000.0,-358.0,823.0
KLBN3,477.0,590.0,227.0,1361.0,587.0,544.0,499.0,420.0,-115.0,727.0,490.0,3236.0,2694.0,186.0,1576.0,3854.0,166893000.0,1178430000000.0,217.0,1926.0
KLBN4,478.0,591.0,228.0,1363.0,585.0,545.0,500.0,421.0,-115.0,727.0,490.0,3236.0,2694.0,186.0,1576.0,3854.0,1046860000.0,1178430000000.0,217.0,1926.0
CSMG3,1686.0,592.0,85.0,951.0,990.0,475.0,1626.0,411.0,-183.0,618.0,415.0,2314.0,1606.0,119.0,1255.0,1428.0,4122500000.0,758140000000.0,53.0,816.0
RECV3,2018.0,593.0,137.0,2000.0,524.0,874.0,-4165.0,543.0,-494.0,527.0,374.0,3682.0,3372.0,90.0,1943.0,2312.0,6801270000.0,431460000000.0,14.0,5251.0
DEXP4,956.0,607.0,138.0,489.0,286.0,648.0,150.0,459.0,317.0,430.0,376.0,1064.0,976.0,306.0,2071.0,2278.0,3953600.0,65059600000.0,47.0,3094.0
TKNO4,6000.0,607.0,65.0,640.0,766.0,528.0,136.0,657.0,152.0,547.0,446.0,974.0,1054.0,365.0,971.0,1069.0,259916.0,27242500000.0,1.0,2321.0
TIET3,349.0,609.0,313.0,3012.0,0.0,638.0,143534.0,503.0,-105.0,878.0,663.0,5993.0,4991.0,100.0,1397.0,5145.0,0.0,222274000000.0,267.0,776.0
PINE4,349.0,610.0,69.0,0.0,465.0,0.0,0.0,0.0,0.0,0.0,0.0,0.0,0.0,0.0,0.0,1137.0,202728000.0,93835700000.0,0.0,13374.0
TIET4,351.0,613.0,315.0,3029.0,0.0,642.0,144357.0,506.0,-105.0,881.0,665.0,5993.0,4991.0,100.0,1397.0,5145.0,0.0,222274000000.0,267.0,776.0
RANI3,1234.0,616.0,237.0,1841.0,715.0,805.0,343.0,565.0,-279.0,749.0,627.0,3257.0,2987.0,270.0,1949.0,3849.0,1085000000.0,128124000000.0,144.0,1854.0
CSRN3,2360.0,621.0,260.0,1097.0,1264.0,701.0,-1497.0,413.0,-147.0,635.0,543.0,2658.0,1768.0,84.0,1921.0,4193.0,3337540.0,152400000000.0,166.0,1065.0
BGIP4,2264.0,621.0,64.0,0.0,1508.0,0.0,0.0,0.0,0.0,0.0,0.0,0.0,0.0,0.0,0.0,1032.0,3715060.0,59759200000.0,0.0,50.0
EALT4,866.0,622.0,88.0,415.0,436.0,370.0,-23169.0,421.0,-166.0,639.0,450.0,986.0,667.0,100.0,952.0,1412.0,9521350.0,22186000000.0,49.0,1634.0
BMEB3,1624.0,622.0,123.0,0.0,605.0,0.0,0.0,0.0,0.0,0.0,0.0,0.0,0.0,0.0,0.0,1980.0,369095.0,138202000000.0,0.0,1791.0
FESA4,4820.0,624.0,132.0,1506.0,679.0,1030.0,316.0,559.0,496.0,465.0,370.0,2693.0,2415.0,420.0,2557.0,2119.0,1053750000.0,322038000000.0,10.0,2521.0
POMO3,460.0,626.0,134.0,689.0,661.0,598.0,195.0,643.0,2011.0,801.0,668.0,1071.0,1089.0,213.0,1253.0,2141.0,230516000.0,325022000000.0,74.0,751.0
TASA3,1537.0,631.0,184.0,901.0,908.0,949.0,454.0,461.0,883.0,519.0,482.0,1951.0,1427.0,155.0,2433.0,2914.0,26381500.0,105853000000.0,43.0,2951.0
TRPL4,2281.0,634.0,86.0,2748.0,466.0,440.0,591.0,499.0,-137.0,744.0,738.0,5502.0,4428.0,193.0,925.0,1353.0,5363910000.0,1750660000000.0,50.0,1241.0
TASA4,1547.0,635.0,185.0,906.0,902.0,956.0,457.0,464.0,888.0,522.0,485.0,1951.0,1427.0,155.0,2433.0,2914.0,862630000.0,105853000000.0,43.0,2951.0
ETER3,806.0,637.0,72.0,418.0,483.0,410.0,136.0,482.0,430.0,556.0,427.0,867.0,656.0,236.0,947.0,1126.0,248056000.0,69408300000.0,18.0,2740.0
RAPT3,924.0,639.0,104.0,268.0,554.0,243.0,78.0,205.0,-258.0,422.0,359.0,1309.0,628.0,217.0,1557.0,1622.0,16522700.0,293423000000.0,180.0,2850.0
JSLG3,815.0,642.0,142.0,349.0,290.0,240.0,290.0,277.0,-42.0,869.0,599.0,1258.0,543.0,148.0,975.0,2207.0,174216000.0,164605000000.0,349.0,-1093.0
RSUL4,6900.0,643.0,259.0,1100.0,413.0,1223.0,433.0,405.0,-61344.0,367.0,345.0,2718.0,1712.0,216.0,3712.0,4034.0,23109800.0,16158200000.0,5.0,2955.0
KEPL3,1128.0,647.0,303.0,1250.0,1009.0,1661.0,542.0,530.0,899.0,501.0,463.0,2358.0,1931.0,193.0,4361.0,4685.0,1658310000.0,66865400000.0,23.0,3462.0
CMIG3,1951.0,648.0,182.0,1197.0,566.0,787.0,1258.0,544.0,-247.0,646.0,560.0,2202.0,1849.0,134.0,1635.0,2807.0,1027600000.0,2360910000000.0,50.0,1180.0
ITSA4,887.0,648.0,112.0,11022.0,779.0,841.0,1969.0,7795.0,-1024.0,8247.0,4338.0,1414.0,17550.0,149.0,118.0,1726.0,21170700000.0,7686700000000.0,16.0,1570.0
BRSR6,1211.0,650.0,53.0,0.0,778.0,0.0,0.0,0.0,0.0,0.0,0.0,0.0,0.0,0.0,0.0,809.0,2219100000.0,942178000000.0,0.0,505.0
GEPA3,2350.0,655.0,108.0,1559.0,1366.0,609.0,-418.0,384.0,-205.0,485.0,368.0,4064.0,2381.0,48.0,2002.0,1642.0,436207.0,206429000000.0,44.0,-9.0
CEEB3,3960.0,656.0,165.0,720.0,1147.0,392.0,-862.0,296.0,-71.0,654.0,529.0,2430.0,1098.0,82.0,1413.0,2510.0,9811520.0,630300000000.0,209.0,1205.0
ITSA3,904.0,661.0,114.0,11234.0,764.0,857.0,2006.0,7944.0,-1043.0,8397.0,4416.0,1414.0,17550.0,149.0,118.0,1726.0,147785000.0,7686700000000.0,16.0,1570.0
DEXP3,1042.0,661.0,151.0,532.0,258.0,706.0,163.0,500.0,345.0,471.0,412.0,1064.0,976.0,306.0,2071.0,2278.0,88377000.0,65059600000.0,47.0,3094.0
BRSR3,1244.0,667.0,54.0,0.0,757.0,0.0,0.0,0.0,0.0,0.0,0.0,0.0,0.0,0.0,0.0,809.0,9842760.0,942178000000.0,0.0,505.0
MDNE3,1028.0,685.0,69.0,887.0,0.0,284.0,119.0,572.0,-130.0,524.0,504.0,1551.0,1285.0,276.0,557.0,1014.0,520340000.0,125704000000.0,15.0,3791.0
SOND6,4600.0,690.0,203.0,690.0,1325.0,1223.0,331.0,290.0,477.0,207.0,194.0,2380.0,1001.0,229.0,6640.0,2945.0,41061.0,5563200000.0,0.0,2974.0
SOND3,4601.0,690.0,203.0,691.0,1204.0,1224.0,332.0,290.0,477.0,207.0,194.0,2380.0,1001.0,229.0,6640.0,2945.0,0.0,5563200000.0,0.0,2974.0
ITUB3,2267.0,703.0,130.0,0.0,660.0,0.0,0.0,0.0,0.0,0.0,0.0,0.0,0.0,0.0,0.0,1852.0,1832020000.0,17057700000000.0,0.0,1243.0
GEPA4,2568.0,716.0,117.0,1704.0,1250.0,666.0,-457.0,419.0,-224.0,521.0,395.0,4064.0,2381.0,48.0,2002.0,1642.0,2097200.0,206429000000.0,44.0,-9.0
CPFE3,3433.0,716.0,222.0,990.0,841.0,546.0,-2487.0,374.0,-108.0,557.0,473.0,2649.0,1424.0,91.0,1648.0,3100.0,5417930000.0,1783140000000.0,138.0,1009.0
COCE5,4440.0,720.0,84.0,393.0,191.0,259.0,-201.0,278.0,-58.0,699.0,508.0,1411.0,546.0,66.0,1103.0,1172.0,247549000.0,409583000000.0,146.0,1614.0
BGIP3,2638.0,723.0,75.0,0.0,1176.0,0.0,0.0,0.0,0.0,0.0,0.0,0.0,0.0,0.0,0.0,1032.0,2055570.0,59759200000.0,0.0,50.0
CSRN6,2760.0,726.0,304.0,1283.0,1189.0,820.0,-1751.0,483.0,-172.0,705.0,602.0,2658.0,1768.0,84.0,1921.0,4193.0,46179.0,152400000000.0,166.0,1065.0
PINE3,416.0,727.0,83.0,0.0,0.0,0.0,0.0,0.0,0.0,0.0,0.0,0.0,0.0,0.0,0.0,1137.0,2281.0,93835700000.0,0.0,13374.0
JHSF3,462.0,737.0,62.0,1873.0,1014.0,294.0,137.0,536.0,-153.0,945.0,859.0,3492.0,2628.0,342.0,588.0,846.0,1579220000.0,503634000000.0,61.0,3722.0
FIEI3,1520.0,743.0,42.0,14165.0,0.0,352.0,526.0,-397.0,-598.0,-354.0,-361.0,-35664.0,18907.0,303.0,-944.0,563.0,134144.0,8810200000.0,0.0,-3934.0
SOND5,4999.0,750.0,221.0,750.0,1219.0,1329.0,360.0,315.0,519.0,232.0,217.0,2380.0,1001.0,229.0,6640.0,2945.0,43486.0,5563200000.0,0.0,2974.0
FESA3,5830.0,755.0,160.0,1822.0,510.0,1246.0,382.0,677.0,599.0,583.0,464.0,2693.0,2415.0,420.0,2557.0,2119.0,652330.0,322038000000.0,10.0,2521.0
GETT3,240.0,755.0,124.0,1336.0,0.0,81.0,313.0,604.0,336.0,686.0,478.0,2213.0,1766.0,103.0,136.0,1641.0,0.0,361806000000.0,34.0,0.0
GETT4,240.0,755.0,124.0,1336.0,0.0,81.0,313.0,604.0,336.0,686.0,478.0,2213.0,1766.0,103.0,136.0,1641.0,0.0,361806000000.0,34.0,0.0
WIZC3,509.0,775.0,196.0,813.0,875.0,343.0,-751.0,182.0,-96.0,191.0,156.0,4477.0,1817.0,84.0,2418.0,2532.0,567694000.0,41474800000.0,88.0,1208.0
CSRN5,2950.0,776.0,325.0,1372.0,1113.0,877.0,-1871.0,516.0,-184.0,738.0,631.0,2658.0,1768.0,84.0,1921.0,4193.0,27523.0,152400000000.0,166.0,1065.0
EKTR3,3350.0,788.0,227.0,769.0,1754.0,603.0,871.0,367.0,-141.0,627.0,523.0,2096.0,976.0,129.0,1958.0,2883.0,23374.0,285800000000.0,198.0,828.0
POMO4,580.0,789.0,169.0,868.0,524.0,754.0,246.0,811.0,2535.0,969.0,808.0,1071.0,1089.0,213.0,1253.0,2141.0,3542960000.0,325022000000.0,74.0,751.0
CSUD3,1532.0,789.0,162.0,1192.0,745.0,1071.0,2616.0,586.0,-1440.0,601.0,383.0,2035.0,1511.0,118.0,2184.0,2049.0,141474000.0,39581700000.0,21.0,677.0
RAPT4,1146.0,793.0,129.0,333.0,447.0,301.0,97.0,254.0,-320.0,472.0,400.0,1309.0,628.0,217.0,1557.0,1622.0,2504730000.0,293423000000.0,180.0,2850.0
EQPA3,648.0,795.0,375.0,1548.0,1390.0,1088.0,924.0,549.0,-288.0,693.0,597.0,2819.0,1948.0,155.0,2395.0,4723.0,1898970.0,381266000000.0,134.0,1673.0
COCE3,5001.0,811.0,95.0,443.0,169.0,292.0,-227.0,314.0,-66.0,734.0,533.0,1411.0,546.0,66.0,1103.0,1172.0,0.0,409583000000.0,146.0,1614.0
MRSA5B,2506.0,813.0,142.0,1439.0,257.0,579.0,-1657.0,408.0,-131.0,563.0,563.0,3531.0,1770.0,81.0,1623.0,1748.0,53651.0,599493000000.0,75.0,1418.0
MRSA5B,2506.0,813.0,142.0,1439.0,257.0,579.0,-1657.0,408.0,-131.0,563.0,563.0,3531.0,1770.0,81.0,1623.0,1748.0,53651.0,599493000000.0,75.0,1418.0
MRSA3B,2506.0,813.0,142.0,1439.0,0.0,579.0,-1657.0,408.0,-131.0,563.0,563.0,3531.0,1770.0,81.0,1623.0,1748.0,137242.0,599493000000.0,75.0,1418.0
MRSA3B,2506.0,813.0,142.0,1439.0,0.0,579.0,-1657.0,408.0,-131.0,563.0,563.0,3531.0,1770.0,81.0,1623.0,1748.0,137242.0,599493000000.0,75.0,1418.0
HBOR3,256.0,814.0,25.0,315.0,354.0,62.0,13.0,367.0,77.0,2123.0,1628.0,861.0,1105.0,362.0,185.0,304.0,312102000.0,138580000000.0,149.0,-174.0
HBRE3,504.0,817.0,27.0,3504.0,0.0,121.0,1092.0,199.0,-35.0,558.0,555.0,17620.0,8548.0,117.0,644.0,334.0,454365000.0,190687000000.0,61.0,3961.0
BEES3,866.0,821.0,131.0,0.0,722.0,0.0,0.0,0.0,0.0,0.0,0.0,0.0,0.0,0.0,0.0,1592.0,12005900.0,209333000000.0,0.0,1011.0
ITUB4,2655.0,824.0,153.0,0.0,563.0,0.0,0.0,0.0,0.0,0.0,0.0,0.0,0.0,0.0,0.0,1852.0,68564200000.0,17057700000000.0,0.0,1243.0
CAML3,759.0,828.0,88.0,254.0,384.0,267.0,119.0,671.0,-244.0,1505.0,931.0,379.0,307.0,162.0,543.0,1069.0,1307620000.0,300177000000.0,140.0,2123.0
SHUL4,739.0,832.0,221.0,1244.0,316.0,1151.0,278.0,745.0,712.0,760.0,648.0,1670.0,1495.0,284.0,2307.0,2654.0,289948000.0,119590000000.0,59.0,2356.0
VLID3,1681.0,840.0,106.0,724.0,383.0,527.0,217.0,310.0,-4286.0,413.0,325.0,2336.0,795.0,203.0,2064.0,1268.0,735941000.0,129189000000.0,59.0,194.0
SOJA3,1286.0,842.0,184.0,827.0,64.0,703.0,244.0,748.0,361.0,920.0,930.0,1105.0,1101.0,169.0,1196.0,2180.0,380968000.0,82024700000.0,76.0,7561.0
JBSS3,1767.0,843.0,93.0,107.0,1132.0,198.0,182.0,-78.0,-49.0,-237.0,-299.0,-1368.0,132.0,143.0,-3214.0,1097.0,15967000000.0,4235530000000.0,221.0,1936.0
TCSA3,300.0,844.0,37.0,565.0,0.0,141.0,37.0,-960.0,-210.0,-3143.0,-5539.0,-589.0,723.0,354.0,-166.0,437.0,53779100.0,59866100000.0,111.0,435.0
BBDC3,1227.0,845.0,82.0,0.0,748.0,0.0,0.0,0.0,0.0,0.0,0.0,0.0,0.0,0.0,0.0,969.0,7673150000.0,15931800000000.0,0.0,-1527.0
CYRE3,1990.0,847.0,106.0,1361.0,257.0,473.0,144.0,1038.0,3073.0,1294.0,1227.0,1310.0,1656.0,265.0,560.0,1249.0,12924400000.0,751998000000.0,64.0,1220.0
BMIN4,1649.0,849.0,59.0,0.0,964.0,0.0,0.0,0.0,0.0,0.0,0.0,0.0,0.0,0.0,0.0,695.0,473967.0,13488600000.0,0.0,2319.0
TUPY3,2668.0,849.0,124.0,348.0,277.0,392.0,124.0,422.0,-569.0,666.0,482.0,825.0,418.0,206.0,1242.0,1457.0,1826520000.0,310904000000.0,109.0,2497.0
BRGE7,927.0,852.0,52.0,189218.0,492.0,232.0,62.0,-87.0,124.0,107.0,110.0,-2184120.0,345169.0,309.0,-5575.0,608.0,15091.0,131763000000.0,0.0,-4638.0
TRPL3,3070.0,854.0,116.0,3698.0,346.0,592.0,796.0,672.0,-185.0,917.0,909.0,5502.0,4428.0,193.0,925.0,1353.0,7045190.0,1750660000000.0,50.0,1241.0
EVEN3,607.0,855.0,60.0,473.0,697.0,177.0,34.0,521.0,83.0,518.0,498.0,907.0,840.0,292.0,403.0,702.0,858257000.0,202176000000.0,47.0,1029.0
EQPA7,700.0,859.0,406.0,1673.0,1287.0,1175.0,998.0,593.0,-311.0,737.0,635.0,2819.0,1948.0,155.0,2395.0,4723.0,1628.0,381266000000.0,134.0,1673.0
MRSA6B,2650.0,860.0,150.0,1522.0,243.0,612.0,-1752.0,431.0,-138.0,587.0,587.0,3531.0,1770.0,81.0,1623.0,1748.0,42158.0,599493000000.0,75.0,1418.0
MRSA6B,2650.0,860.0,150.0,1522.0,243.0,612.0,-1752.0,431.0,-138.0,587.0,587.0,3531.0,1770.0,81.0,1623.0,1748.0,42158.0,599493000000.0,75.0,1418.0
LOGG3,1895.0,860.0,53.0,7852.0,484.0,311.0,340.0,1023.0,-121.0,1862.0,1834.0,7678.0,9312.0,236.0,330.0,618.0,606881000.0,364411000000.0,56.0,1908.0
WLMM3,2700.0,867.0,150.0,443.0,370.0,1041.0,283.0,735.0,336.0,733.0,711.0,603.0,511.0,248.0,1763.0,1735.0,677867.0,65332000000.0,24.0,2526.0
LEVE3,4795.0,871.0,432.0,1380.0,909.0,2044.0,674.0,733.0,1984.0,755.0,675.0,1884.0,1582.0,193.0,3632.0,4955.0,1553220000.0,142564000000.0,35.0,1750.0
BBSE3,3147.0,876.0,704.0,0.0,1105.0,3707.0,0.0,765.0,0.0,0.0,0.0,0.0,0.0,0.0,0.0,8032.0,14966000000.0,894394000000.0,0.0,0.0
EKTR4,3750.0,882.0,254.0,861.0,1724.0,675.0,975.0,411.0,-158.0,671.0,560.0,2096.0,976.0,129.0,1958.0,2883.0,1895920.0,285800000000.0,198.0,828.0
PLPL3,882.0,892.0,346.0,1052.0,182.0,952.0,159.0,442.0,684.0,498.0,479.0,2380.0,1195.0,327.0,3059.0,3878.0,1268980000.0,52106300000.0,106.0,2200.0
BLAU3,1560.0,898.0,149.0,2072.0,384.0,1120.0,260.0,759.0,354.0,719.0,671.0,2729.0,2281.0,414.0,1890.0,1663.0,1044140000.0,187392000000.0,13.0,1052.0
ALLD3,606.0,900.0,37.0,105.0,584.0,158.0,58.0,309.0,133.0,436.0,314.0,339.0,116.0,165.0,872.0,410.0,19326500.0,153240000000.0,38.0,-283.0
TGMA3,2520.0,903.0,208.0,1089.0,627.0,1472.0,495.0,759.0,768.0,728.0,659.0,1435.0,1210.0,262.0,2560.0,2301.0,547091000.0,80094200000.0,21.0,242.0
VULC3,1963.0,903.0,255.0,1790.0,384.0,1768.0,354.0,1039.0,467.0,1060.0,886.0,1723.0,1983.0,371.0,2065.0,2824.0,1166270000.0,189384000000.0,20.0,2481.0
CEEB5,5460.0,905.0,227.0,993.0,832.0,540.0,-1189.0,409.0,-98.0,767.0,620.0,2430.0,1098.0,82.0,1413.0,2510.0,70914.0,630300000000.0,209.0,1205.0
PSSA3,2650.0,918.0,150.0,564.0,256.0,326.0,489.0,68.0,-286.0,23.0,23.0,8267.0,631.0,111.0,6076.0,1629.0,4788950000.0,1145920000000.0,0.0,1461.0
PTNT4,890.0,929.0,116.0,494.0,358.0,498.0,236.0,630.0,1483.0,846.0,597.0,783.0,696.0,168.0,1048.0,1245.0,14511700.0,36975300000.0,69.0,1443.0
DXCO3,760.0,933.0,103.0,799.0,414.0,386.0,435.0,483.0,-124.0,818.0,464.0,1654.0,876.0,140.0,963.0,1108.0,3732470000.0,603269000000.0,99.0,1567.0
REDE3,579.0,938.0,322.0,808.0,1177.0,462.0,1075.0,358.0,-89.0,644.0,530.0,2254.0,1167.0,119.0,1487.0,3434.0,3945670.0,379535000000.0,320.0,1213.0
BEES4,992.0,941.0,150.0,0.0,630.0,0.0,0.0,0.0,0.0,0.0,0.0,0.0,0.0,0.0,0.0,1592.0,4383930.0,209333000000.0,0.0,1011.0
ODER4,10000.0,945.0,234.0,1378.0,323.0,1347.0,268.0,1026.0,484.0,1153.0,1041.0,1343.0,1459.0,352.0,1409.0,2473.0,0.0,48306300000.0,33.0,2049.0
LAVV3,735.0,947.0,119.0,2040.0,400.0,722.0,122.0,1091.0,173.0,739.0,735.0,1870.0,2396.0,433.0,912.0,1260.0,579558000.0,122918000000.0,5.0,798.0
UNIP3,7187.0,953.0,286.0,1191.0,873.0,1271.0,626.0,454.0,-877.0,452.0,393.0,2624.0,1253.0,200.0,3868.0,3002.0,87797200.0,260927000000.0,50.0,2515.0
SLCE3,3876.0,953.0,166.0,986.0,712.0,565.0,229.0,448.0,-399.0,640.0,584.0,2201.0,1097.0,199.0,1427.0,1739.0,5946380000.0,529888000000.0,93.0,3723.0
BBDC4,1392.0,959.0,93.0,0.0,725.0,0.0,0.0,0.0,0.0,0.0,0.0,0.0,0.0,0.0,0.0,969.0,53237200000.0,15931800000000.0,0.0,-1527.0
BRGE11,1046.0,961.0,58.0,213508.0,374.0,262.0,70.0,-98.0,139.0,96.0,98.0,-2184120.0,345169.0,309.0,-5575.0,608.0,61088.0,131763000000.0,0.0,-4638.0
BRGE12,1050.0,965.0,59.0,214325.0,0.0,263.0,70.0,-98.0,140.0,96.0,98.0,-2184120.0,345169.0,309.0,-5575.0,608.0,877788.0,131763000000.0,0.0,-4638.0
BRGE8,1052.0,967.0,59.0,214733.0,310.0,263.0,70.0,-98.0,140.0,96.0,98.0,-2184120.0,345169.0,309.0,-5575.0,608.0,109544.0,131763000000.0,0.0,-4638.0
BPAR3,18207.0,969.0,102.0,0.0,0.0,0.0,0.0,0.0,0.0,0.0,0.0,0.0,0.0,0.0,0.0,1053.0,0.0,169935000000.0,0.0,72.0
BRGE3,1059.0,973.0,59.0,216162.0,0.0,265.0,71.0,-99.0,141.0,95.0,97.0,-2184120.0,345169.0,309.0,-5575.0,608.0,238349.0,131763000000.0,0.0,-4638.0
CXSE3,1100.0,977.0,278.0,0.0,785.0,2751.0,3866.0,-30045.0,3880.0,-29293.0,-29288.0,0.0,0.0,744.0,-98.0,2848.0,3714690000.0,1186140000000.0,0.0,0.0
BRIV3,1120.0,990.0,58.0,0.0,141.0,0.0,0.0,0.0,0.0,0.0,0.0,0.0,0.0,0.0,0.0,590.0,570435.0,169812000000.0,0.0,2423.0
UCAS3,258.0,1000.0,88.0,746.0,704.0,570.0,3865.0,2167.0,-1339.0,1981.0,961.0,344.0,746.0,105.0,308.0,885.0,22737800.0,19276300000.0,8.0,1518.0
ENGI4,784.0,1001.0,135.0,596.0,383.0,246.0,487.0,275.0,-49.0,662.0,534.0,2169.0,754.0,123.0,1068.0,1350.0,13070700.0,1183750000000.0,263.0,1263.0
BRIV4,1134.0,1002.0,59.0,0.0,562.0,0.0,0.0,0.0,0.0,0.0,0.0,0.0,0.0,0.0,0.0,590.0,2558550.0,169812000000.0,0.0,2423.0
TRIS3,506.0,1006.0,72.0,1053.0,271.0,353.0,73.0,1100.0,140.0,1932.0,1856.0,958.0,1088.0,283.0,365.0,717.0,730187000.0,130916000000.0,76.0,515.0
PDTC3,248.0,1007.0,145.0,511.0,0.0,395.0,109.0,613.0,-2963.0,853.0,507.0,834.0,508.0,203.0,845.0,1444.0,63256500.0,13502300000.0,89.0,13352.0
BRGE5,1098.0,1009.0,61.0,224122.0,0.0,275.0,73.0,-103.0,146.0,91.0,93.0,-2184120.0,345169.0,309.0,-5575.0,608.0,9881.0,131763000000.0,0.0,-4638.0
BRGE6,1103.0,1013.0,62.0,225143.0,709.0,276.0,74.0,-103.0,147.0,91.0,93.0,-2184120.0,345169.0,309.0,-5575.0,608.0,85521.0,131763000000.0,0.0,-4638.0
BRSR5,1890.0,1014.0,82.0,0.0,508.0,0.0,0.0,0.0,0.0,0.0,0.0,0.0,0.0,0.0,0.0,809.0,96584.0,942178000000.0,0.0,505.0
VSTE3,1525.0,1019.0,168.0,1547.0,76.0,1037.0,888.0,5873.0,-1802.0,6751.0,945.0,263.0,1519.0,156.0,195.0,1654.0,39279300.0,102704000000.0,29.0,381.0
TAEE3,1151.0,1019.0,178.0,5074.0,979.0,632.0,494.0,804.0,-140.0,1351.0,1333.0,6311.0,4981.0,303.0,852.0,1746.0,219323000.0,668930000000.0,141.0,931.0
BMGB4,236.0,1021.0,36.0,0.0,1633.0,0.0,0.0,0.0,0.0,0.0,0.0,0.0,0.0,0.0,0.0,351.0,151552000.0,383939000000.0,0.0,82.0
CALI4,5000.0,1021.0,612.0,1128.0,0.0,908.0,666.0,1007.0,-166.0,1276.0,1250.0,1120.0,1105.0,182.0,993.0,5997.0,0.0,3038100000.0,204.0,13709.0
FIGE4,3801.0,1022.0,58.0,0.0,11.0,0.0,0.0,0.0,0.0,0.0,0.0,0.0,0.0,0.0,0.0,569.0,0.0,15444700000.0,0.0,6879.0
TAEE4,1155.0,1022.0,178.0,5091.0,976.0,635.0,495.0,807.0,-140.0,1354.0,1336.0,6311.0,4981.0,303.0,852.0,1746.0,407387000.0,668930000000.0,141.0,931.0
EQPA5,841.0,1032.0,487.0,2010.0,1071.0,1412.0,1199.0,713.0,-373.0,857.0,738.0,2819.0,1948.0,155.0,2395.0,4723.0,9779.0,381266000000.0,134.0,1673.0
EGIE3,4105.0,1034.0,402.0,2945.0,864.0,832.0,1970.0,632.0,-145.0,882.0,749.0,4663.0,2849.0,128.0,1522.0,3882.0,6156310000.0,834166000000.0,216.0,561.0
SANB3,1216.0,1040.0,109.0,0.0,674.0,0.0,0.0,0.0,0.0,0.0,0.0,0.0,0.0,0.0,0.0,1044.0,199506000.0,8399090000000.0,0.0,-588.0
GRND3,645.0,1044.0,172.0,2364.0,2221.0,1569.0,296.0,1765.0,302.0,1564.0,1217.0,1340.0,2264.0,766.0,1136.0,1652.0,1027850000.0,337391000000.0,3.0,677.0
RPAD5,751.0,1045.0,59.0,0.0,770.0,583.0,1100.0,-10832.0,1101.0,-9791.0,-9791.0,0.0,0.0,1667.0,-57.0,560.0,168870.0,108673000000.0,0.0,-3168.0
UNIP6,7926.0,1051.0,316.0,1314.0,871.0,1402.0,691.0,501.0,-967.0,499.0,434.0,2624.0,1253.0,200.0,3868.0,3002.0,1738730000.0,260927000000.0,50.0,2515.0
CMIN3,460.0,1053.0,241.0,1657.0,1979.0,959.0,379.0,524.0,-471.0,518.0,427.0,3160.0,1573.0,273.0,2849.0,2289.0,3022900000.0,1046460000000.0,72.0,-1759.0
RPAD3,760.0,1057.0,59.0,0.0,0.0,590.0,1113.0,-10962.0,1114.0,-9921.0,-9921.0,0.0,0.0,1667.0,-57.0,560.0,194316.0,108673000000.0,0.0,-3168.0
AGRO3,2782.0,1064.0,130.0,2232.0,1161.0,814.0,398.0,996.0,7407.0,1156.0,883.0,2242.0,2098.0,214.0,983.0,1222.0,1620130000.0,219714000000.0,40.0,3061.0
BRML3,826.0,1065.0,60.0,4517.0,0.0,384.0,2027.0,773.0,-135.0,976.0,976.0,5841.0,4631.0,141.0,522.0,562.0,0.0,1142330000000.0,23.0,443.0
CRPG6,3849.0,1068.0,159.0,1625.0,2500.0,1179.0,232.0,1756.0,299.0,1604.0,1145.0,925.0,1522.0,452.0,799.0,1488.0,45811500.0,70320800000.0,1.0,707.0
ECOR3,723.0,1072.0,198.0,699.0,10.0,235.0,-249.0,221.0,-32.0,757.0,580.0,3163.0,656.0,59.0,1203.0,1852.0,3395280000.0,253655000000.0,567.0,1815.0
SMLS3,2240.0,1078.0,409.0,4212.0,0.0,1017.0,1878.0,1037.0,-672.0,1013.0,906.0,4062.0,3907.0,110.0,1069.0,3796.0,0.0,67967800000.0,0.0,-2220.0
BPAC5,792.0,1084.0,195.0,0.0,314.0,0.0,0.0,0.0,0.0,0.0,0.0,0.0,0.0,0.0,0.0,1800.0,4982770.0,4670850000000.0,0.0,3869.0
TTEN3,1255.0,1085.0,212.0,814.0,0.0,999.0,405.0,1348.0,769.0,1464.0,1338.0,604.0,747.0,160.0,1236.0,1952.0,1625560000.0,295328000000.0,46.0,2519.0
MELK3,426.0,1090.0,74.0,830.0,782.0,366.0,66.0,1227.0,102.0,987.0,933.0,677.0,958.0,311.0,369.0,674.0,122946000.0,119531000000.0,20.0,3191.0
DIRR3,1800.0,1098.0,214.0,1375.0,336.0,459.0,132.0,787.0,-162.0,877.0,768.0,1747.0,1490.0,361.0,712.0,1954.0,4236470000.0,145603000000.0,101.0,1343.0
RPAD6,799.0,1112.0,62.0,0.0,0.0,620.0,1170.0,-11525.0,1171.0,-10484.0,-10484.0,0.0,0.0,1667.0,-57.0,560.0,261347.0,108673000000.0,0.0,-3168.0
CURY3,1509.0,1115.0,456.0,1741.0,522.0,1553.0,315.0,792.0,969.0,732.0,715.0,2198.0,1622.0,277.0,2954.0,4092.0,2828990000.0,96495900000.0,52.0,3156.0
BMOB3,1164.0,1117.0,95.0,747.0,200.0,763.0,161.0,1056.0,170.0,489.0,296.0,707.0,669.0,371.0,1394.0,853.0,768242000.0,106332000000.0,0.0,14647.0
FIQE3,366.0,1118.0,126.0,1683.0,346.0,663.0,681.0,739.0,-388.0,679.0,325.0,2278.0,1506.0,148.0,1184.0,1126.0,97774800.0,105342000000.0,32.0,3699.0
UNIP5,8470.0,1123.0,337.0,1404.0,823.0,1498.0,738.0,535.0,-1034.0,533.0,464.0,2624.0,1253.0,200.0,3868.0,3002.0,1767230.0,260927000000.0,50.0,2515.0
ALUP4,941.0,1131.0,115.0,2715.0,572.0,306.0,279.0,378.0,-71.0,778.0,731.0,7178.0,4052.0,244.0,898.0,1019.0,24466700.0,746441000000.0,157.0,37.0
ALUP3,950.0,1142.0,116.0,2741.0,567.0,309.0,281.0,382.0,-72.0,781.0,734.0,7178.0,4052.0,244.0,898.0,1019.0,12631700.0,746441000000.0,157.0,37.0
PRIO3,4830.0,1151.0,398.0,5300.0,0.0,1649.0,-10623.0,925.0,-370.0,1122.0,873.0,5728.0,4603.0,90.0,1923.0,3461.0,36155600000.0,1075390000000.0,95.0,6923.0
BMIN3,2240.0,1153.0,80.0,0.0,634.0,0.0,0.0,0.0,0.0,0.0,0.0,0.0,0.0,0.0,0.0,695.0,86181.0,13488600000.0,0.0,2319.0
SANB4,1361.0,1164.0,122.0,0.0,663.0,0.0,0.0,0.0,0.0,0.0,0.0,0.0,0.0,0.0,0.0,1044.0,296716000.0,8399090000000.0,0.0,-588.0
MILS3,1190.0,1206.0,219.0,2304.0,244.0,1103.0,480.0,700.0,-784.0,825.0,564.0,3292.0,1909.0,283.0,2073.0,1818.0,1301620000.0,133706000000.0,78.0,4740.0
LOGN3,4306.0,1214.0,490.0,2111.0,0.0,1359.0,1262.0,1440.0,-316.0,1722.0,1037.0,1466.0,1740.0,158.0,1145.0,4042.0,362031000.0,93994200000.0,150.0,2220.0
LREN3,1290.0,1223.0,128.0,933.0,571.0,623.0,248.0,451.0,778.0,430.0,311.0,2069.0,763.0,173.0,1755.0,1046.0,36305300000.0,971248000000.0,24.0,1328.0
EQPA6,1005.0,1233.0,582.0,2402.0,896.0,1687.0,1433.0,852.0,-446.0,996.0,858.0,2819.0,1948.0,155.0,2395.0,4723.0,2337.0,381266000000.0,134.0,1673.0
CRPG3,4450.0,1235.0,184.0,1879.0,2163.0,1363.0,268.0,2031.0,346.0,1879.0,1341.0,925.0,1522.0,452.0,799.0,1488.0,172614.0,70320800000.0,1.0,707.0
PTNT3,1193.0,1245.0,155.0,662.0,267.0,668.0,317.0,845.0,1988.0,1061.0,749.0,783.0,696.0,168.0,1048.0,1245.0,1534070.0,36975300000.0,69.0,1443.0
BRIT3,338.0,1247.0,105.0,1350.0,96.0,501.0,465.0,539.0,-164.0,806.0,389.0,2505.0,1082.0,199.0,1123.0,841.0,337905000.0,144791000000.0,83.0,3255.0
WLMM4,3900.0,1253.0,217.0,640.0,281.0,1504.0,408.0,1061.0,485.0,1060.0,1027.0,603.0,511.0,248.0,1763.0,1735.0,9490950.0,65332000000.0,24.0,2526.0
SBSP3,5894.0,1253.0,140.0,1695.0,216.0,701.0,-21455.0,812.0,-179.0,1143.0,751.0,2087.0,1352.0,97.0,903.0,1118.0,16717000000.0,2874760000000.0,65.0,844.0
SBFG3,635.0,1254.0,67.0,237.0,214.0,190.0,109.0,421.0,-89.0,1142.0,544.0,564.0,191.0,153.0,537.0,536.0,3842630000.0,230107000000.0,123.0,3611.0
CPLE3,821.0,1270.0,113.0,1115.0,373.0,453.0,692.0,655.0,-117.0,972.0,712.0,1702.0,885.0,147.0,787.0,886.0,6505680000.0,2176080000000.0,75.0,1080.0
INTB3,2072.0,1272.0,281.0,1558.0,80.0,1427.0,314.0,1320.0,566.0,1254.0,1092.0,1180.0,1225.0,259.0,1968.0,2212.0,2711880000.0,241206000000.0,41.0,2634.0
ODPV3,1051.0,1280.0,426.0,2838.0,354.0,2760.0,-2839.0,884.0,-1799.0,836.0,787.0,3212.0,2217.0,67.0,3756.0,3332.0,1696790000.0,136167000000.0,0.0,351.0
CRPG5,4619.0,1281.0,191.0,1950.0,2084.0,1415.0,279.0,2108.0,359.0,1956.0,1396.0,925.0,1522.0,452.0,799.0,1488.0,31362900.0,70320800000.0,1.0,707.0
ENAT3,1765.0,1301.0,115.0,2776.0,85.0,605.0,1186.0,777.0,-283.0,797.0,510.0,3572.0,2134.0,124.0,1126.0,885.0,2570870000.0,407290000000.0,45.0,2182.0
GMAT3,664.0,1309.0,184.0,604.0,0.0,1020.0,243.0,1166.0,529.0,1333.0,1034.0,518.0,467.0,298.0,1161.0,1405.0,4726280000.0,798217000000.0,43.0,3000.0
SMTO3,3810.0,1330.0,222.0,2150.0,432.0,711.0,397.0,936.0,-192.0,1399.0,581.0,2298.0,1617.0,237.0,897.0,1669.0,6795260000.0,607894000000.0,149.0,1838.0
HYPE3,3657.0,1335.0,210.0,2865.0,421.0,973.0,592.0,885.0,-487.0,1179.0,1095.0,3236.0,2150.0,196.0,1228.0,1570.0,12574900000.0,1104800000000.0,89.0,2702.0
CPLE6,872.0,1349.0,120.0,1184.0,386.0,482.0,735.0,696.0,-125.0,1013.0,741.0,1702.0,885.0,147.0,787.0,886.0,15787200000.0,2176080000000.0,75.0,1080.0
VITT3,1219.0,1377.0,310.0,2296.0,270.0,2051.0,568.0,1324.0,802.0,1449.0,1267.0,1734.0,1641.0,255.0,1687.0,2253.0,328037000.0,56217600000.0,37.0,1206.0
ENMT3,6150.0,1382.0,414.0,1928.0,505.0,1065.0,3170.0,764.0,-228.0,1017.0,886.0,2525.0,1395.0,114.0,1583.0,2993.0,19469400.0,325618000000.0,168.0,1425.0
BEEF3,815.0,1410.0,1208.0,171.0,676.0,249.0,127.0,229.0,-68.0,585.0,478.0,747.0,121.0,150.0,2021.0,8567.0,11472300000.0,40978200000.0,3390.0,1773.0
LUXM3,1000.0,1419.0,179.0,1541.0,0.0,1285.0,-25471.0,885.0,-861.0,870.0,544.0,1741.0,1086.0,96.0,1588.0,1261.0,0.0,11622000000.0,5.0,316.0
ABEV3,1297.0,1431.0,240.0,2470.0,588.0,1533.0,100984.0,1254.0,-1621.0,1202.0,880.0,1970.0,1779.0,101.0,1576.0,1678.0,35580000000.0,8507460000000.0,5.0,1416.0
FRAS3,1576.0,1440.0,224.0,1278.0,264.0,1093.0,297.0,783.0,1294.0,761.0,619.0,1633.0,893.0,264.0,2171.0,1559.0,686999000.0,189592000000.0,47.0,3073.0
NUTR3,385.0,1447.0,162.0,327.0,0.0,528.0,144.0,877.0,-4169.0,970.0,868.0,373.0,226.0,225.0,756.0,1116.0,2233170.0,3157200000.0,25.0,3501.0
AMER3,69.0,1452.0,4.0,22.0,0.0,13.0,5.0,52.0,-6.0,1062.0,405.0,431.0,15.0,224.0,361.0,29.0,871159000.0,1470560000000.0,141.0,4703.0
RAIZ4,355.0,1454.0,162.0,161.0,658.0,328.0,2672.0,492.0,-89.0,1026.0,489.0,327.0,112.0,103.0,830.0,1114.0,7893590000.0,2269100000000.0,194.0,4549.0
ENMT4,6500.0,1460.0,437.0,2037.0,596.0,1126.0,3350.0,807.0,-241.0,1060.0,924.0,2525.0,1395.0,114.0,1583.0,2993.0,1276170.0,325618000000.0,168.0,1425.0
UGPA3,1830.0,1488.0,169.0,151.0,191.0,595.0,250.0,570.0,-402.0,807.0,622.0,265.0,106.0,197.0,1456.0,1134.0,8876010000.0,1209660000000.0,118.0,1302.0
BPAN4,806.0,1502.0,130.0,0.0,317.0,0.0,0.0,0.0,0.0,0.0,0.0,0.0,0.0,0.0,0.0,865.0,1853300000.0,789656000000.0,0.0,1586.0
PGMN3,283.0,1517.0,58.0,124.0,629.0,155.0,98.0,411.0,-64.0,843.0,328.0,301.0,82.0,147.0,488.0,385.0,385340000.0,224536000000.0,75.0,1293.0
BOAS3,795.0,1522.0,183.0,4929.0,321.0,1699.0,334.0,2560.0,354.0,1869.0,852.0,1925.0,3239.0,1237.0,1276.0,1204.0,513136000.0,229877000000.0,0.0,1099.0
MSPA4,4000.0,1535.0,31.0,1266.0,15.0,180.0,664.0,-2981.0,-54.0,-4138.0,5631.0,-425.0,825.0,146.0,-63.0,202.0,0.0,82493800000.0,18.0,1393.0
VAMO3,948.0,1540.0,268.0,1768.0,273.0,569.0,440.0,519.0,-108.0,974.0,797.0,3405.0,1148.0,200.0,1239.0,1738.0,8865960000.0,391211000000.0,269.0,6884.0
JOPA3,2100.0,1552.0,39.0,101.0,391.0,99.0,31.0,240.0,180.0,943.0,809.0,422.0,99.0,178.0,572.0,251.0,1803940.0,57012200000.0,208.0,1825.0
PFRM3,387.0,1560.0,40.0,58.0,448.0,104.0,51.0,128.0,313.0,361.0,262.0,450.0,43.0,140.0,1202.0,256.0,47949900.0,119972000000.0,85.0,1636.0
RRRP3,3142.0,1576.0,144.0,3198.0,0.0,404.0,4547.0,1783.0,-68.0,3511.0,1857.0,1793.0,2050.0,108.0,246.0,911.0,16469700000.0,525282000000.0,155.0,9372.0
VIVT3,4320.0,1589.0,105.0,1428.0,577.0,598.0,-2460.0,1064.0,-228.0,1254.0,430.0,1343.0,898.0,87.0,638.0,659.0,9064160000.0,6865140000000.0,27.0,336.0
PORT3,1343.0,1613.0,259.0,2497.0,349.0,1073.0,45152.0,1014.0,-237.0,1437.0,968.0,2462.0,1587.0,102.0,1119.0,1608.0,499442000.0,227788000000.0,114.0,-1224.0
SOMA3,635.0,1613.0,66.0,968.0,160.0,464.0,274.0,904.0,2762.0,1126.0,758.0,1071.0,600.0,216.0,561.0,410.0,11759400000.0,754090000000.0,19.0,7816.0
BSLI4,1207.0,1626.0,182.0,0.0,127621.0,0.0,0.0,0.0,0.0,0.0,0.0,0.0,0.0,0.0,0.0,1120.0,322202.0,240625000000.0,0.0,194.0
MULT3,2389.0,1632.0,211.0,7530.0,369.0,1343.0,9112.0,999.0,-575.0,1131.0,1003.0,7541.0,4616.0,113.0,1461.0,1291.0,10631500000.0,681201000000.0,39.0,1122.0
VIVA3,2593.0,1636.0,340.0,3080.0,140.0,2060.0,543.0,1483.0,1055.0,1487.0,1139.0,2076.0,1883.0,281.0,1619.0,2076.0,7541220000.0,180342000000.0,12.0,3050.0
EZTC3,1885.0,1637.0,91.0,3839.0,147.0,730.0,222.0,4457.0,329.0,4352.0,3599.0,861.0,2439.0,514.0,192.0,556.0,4928370000.0,457718000000.0,15.0,1627.0
B3SA3,1203.0,1677.0,341.0,6653.0,349.0,1484.0,1130.0,1279.0,-668.0,1227.0,1031.0,5202.0,3969.0,162.0,1673.0,2033.0,39675800000.0,2054080000000.0,56.0,1805.0
ASAI3,1158.0,1710.0,379.0,257.0,75.0,390.0,-582.0,380.0,-68.0,589.0,454.0,677.0,150.0,83.0,1813.0,2215.0,23494500000.0,413100000000.0,320.0,4455.0
MSPA3,4625.0,1774.0,36.0,1464.0,12.0,208.0,767.0,-3447.0,-63.0,-4603.0,6265.0,-425.0,825.0,146.0,-63.0,202.0,0.0,82493800000.0,18.0,1393.0
TIMS3,1493.0,1785.0,143.0,1576.0,553.0,649.0,-908.0,916.0,-171.0,953.0,333.0,1719.0,883.0,70.0,810.0,799.0,10676900000.0,2532710000000.0,19.0,1010.0
LVTC3,389.0,1819.0,39.0,249.0,35.0,181.0,60.0,117.0,-241.0,84.0,45.0,2126.0,137.0,288.0,1730.0,215.0,25305000.0,64307900000.0,0.0,-738.0
ARZZ3,6102.0,1831.0,243.0,1470.0,260.0,1246.0,634.0,1388.0,4777.0,1459.0,1032.0,1059.0,802.0,163.0,1142.0,1329.0,11233700000.0,278310000000.0,37.0,3574.0
BSLI3,1360.0,1832.0,205.0,0.0,102967.0,0.0,0.0,0.0,0.0,0.0,0.0,0.0,0.0,0.0,0.0,1120.0,131165.0,240625000000.0,0.0,194.0
BPAC3,1358.0,1859.0,335.0,0.0,183.0,0.0,0.0,0.0,0.0,0.0,0.0,0.0,0.0,0.0,0.0,1800.0,8491380.0,4670850000000.0,0.0,3869.0
TFCO4,1299.0,1867.0,561.0,3341.0,201.0,3488.0,713.0,1517.0,1032.0,1560.0,1462.0,2203.0,1790.0,315.0,2741.0,3007.0,205360000.0,36958500000.0,27.0,3397.0
WHRL3,438.0,1871.0,276.0,608.0,427.0,752.0,1461.0,1102.0,-3255.0,977.0,762.0,552.0,327.0,108.0,1703.0,1473.0,1788770.0,238715000000.0,45.0,1408.0
PRNR3,1015.0,1875.0,173.0,397.0,254.0,544.0,254.0,322.0,-425.0,482.0,382.0,1234.0,669.0,165.0,2001.0,925.0,296298000.0,22770700000.0,121.0,3203.0
PEAB3,3390.0,1910.0,63.0,8840.0,228.0,497.0,171.0,5584.0,485.0,4149.0,2548.0,1583.0,4629.0,1466.0,120.0,329.0,327214.0,69304100000.0,17.0,-4783.0
WHRL4,450.0,1923.0,283.0,625.0,457.0,773.0,1501.0,1132.0,-3344.0,1007.0,785.0,552.0,327.0,108.0,1703.0,1473.0,4152300.0,238715000000.0,45.0,1408.0
STBP3,839.0,1943.0,333.0,3767.0,532.0,1650.0,4673.0,1339.0,-504.0,1306.0,935.0,2813.0,1938.0,125.0,1419.0,1712.0,3418130000.0,217873000000.0,14.0,2242.0
ENGI3,1523.0,1944.0,262.0,1157.0,197.0,477.0,946.0,534.0,-95.0,921.0,743.0,2169.0,754.0,123.0,1068.0,1350.0,8876060.0,1183750000000.0,263.0,1263.0
IGTI3,262.0,1945.0,134.0,4982.0,117.0,744.0,533.0,1061.0,-307.0,1433.0,1081.0,4697.0,2607.0,322.0,833.0,691.0,19202400.0,410343000000.0,75.0,1217.0
CCRO3,1248.0,1956.0,206.0,1596.0,264.0,461.0,1123.0,477.0,-89.0,902.0,684.0,3345.0,869.0,119.0,1206.0,1054.0,12070900000.0,1222360000000.0,268.0,1588.0
AFLT3,810.0,1964.0,204.0,7063.0,734.0,1667.0,1403.0,1894.0,3153.0,1868.0,1855.0,3729.0,3596.0,200.0,934.0,1040.0,1169990.0,25001200000.0,0.0,3008.0
GGPS3,1680.0,1977.0,402.0,1124.0,154.0,1209.0,340.0,1070.0,-974.0,1125.0,946.0,1050.0,570.0,263.0,1584.0,2031.0,4184310000.0,281177000000.0,113.0,2736.0
DMVF3,496.0,1990.0,29.0,155.0,0.0,169.0,370.0,177.0,-124.0,159.0,94.0,877.0,78.0,119.0,1180.0,147.0,30665500.0,85583100000.0,3.0,2498.0
JPSA3,2902.0,2027.0,193.0,4667.0,29.0,468.0,234.0,1296.0,-168.0,2035.0,1283.0,3602.0,4631.0,531.0,456.0,951.0,766651000.0,176214000000.0,194.0,101.0
PNVL3,1132.0,2060.0,151.0,404.0,196.0,612.0,351.0,1219.0,-2350.0,1796.0,760.0,332.0,196.0,144.0,658.0,734.0,510479000.0,112585000000.0,89.0,1394.0
LAME4,655.0,2099.0,189.0,476.0,0.0,282.0,119.0,732.0,-432.0,1124.0,546.0,651.0,251.0,172.0,653.0,902.0,0.0,651464000000.0,254.0,972.0
LAME3,662.0,2122.0,191.0,481.0,0.0,285.0,120.0,740.0,-437.0,1132.0,549.0,651.0,251.0,172.0,653.0,902.0,0.0,651464000000.0,254.0,972.0
DESK3,1499.0,2152.0,141.0,2023.0,13.0,599.0,-5529.0,605.0,-137.0,844.0,573.0,3341.0,1056.0,92.0,1074.0,654.0,349694000.0,122817000000.0,69.0,5722.0
EQTL3,3190.0,2220.0,197.0,1069.0,108.0,382.0,564.0,508.0,-72.0,975.0,805.0,2104.0,677.0,138.0,878.0,885.0,23775500000.0,1859040000000.0,232.0,2395.0
NGRD3,121.0,2274.0,63.0,1058.0,122.0,419.0,165.0,7326.0,424.0,3235.0,415.0,144.0,401.0,237.0,89.0,278.0,109168000.0,45630200000.0,12.0,925.0
APER3,3078.0,2274.0,127.0,2116.0,105.0,818.0,3281.0,1145.0,-648.0,992.0,698.0,1849.0,924.0,112.0,816.0,557.0,78296700.0,47493700000.0,0.0,3498.0
CRIV4,600.0,2363.0,58.0,0.0,800.0,0.0,0.0,0.0,0.0,0.0,0.0,0.0,0.0,0.0,0.0,247.0,1088820.0,105915000000.0,0.0,298.0
CRIV3,600.0,2363.0,58.0,0.0,0.0,0.0,0.0,0.0,0.0,0.0,0.0,0.0,0.0,0.0,0.0,247.0,405163.0,105915000000.0,0.0,298.0
POWE3,1090.0,2392.0,99.0,618.0,0.0,378.0,657.0,1761.0,-301.0,1063.0,1001.0,351.0,259.0,113.0,354.0,413.0,0.0,98833000000.0,4.0,0.0
MDIA3,3568.0,2427.0,173.0,1092.0,56.0,1034.0,451.0,1570.0,2522.0,1720.0,1191.0,696.0,450.0,207.0,813.0,712.0,4271090000.0,699679000000.0,34.0,1527.0
ATOM3,226.0,2435.0,277.0,2005.0,1418.0,1888.0,199.0,-17299.0,286.0,-11396.0,-31089.0,-116.0,823.0,3411.0,-317.0,1136.0,1937500.0,1943700000.0,0.0,2322.0
PATI3,2515.0,2460.0,71.0,299.0,192.0,344.0,70.0,1522.0,132.0,1309.0,995.0,197.0,122.0,274.0,429.0,289.0,217270.0,84560300000.0,59.0,2369.0
JOPA4,3380.0,2498.0,63.0,163.0,267.0,160.0,51.0,386.0,289.0,1090.0,934.0,422.0,99.0,178.0,572.0,251.0,0.0,57012200000.0,208.0,1825.0
ARML3,1153.0,2502.0,339.0,3522.0,208.0,1062.0,521.0,1029.0,-282.0,1383.0,971.0,3424.0,1407.0,290.0,1418.0,1357.0,860762000.0,117525000000.0,182.0,6474.0
IGTA3,3313.0,2573.0,189.0,5549.0,0.0,921.0,1549.0,1154.0,-318.0,1416.0,1071.0,4808.0,2205.0,137.0,969.0,736.0,0.0,305156000000.0,79.0,1086.0
VVEO3,1675.0,2582.0,228.0,528.0,147.0,601.0,238.0,914.0,-332.0,1304.0,1157.0,578.0,205.0,183.0,888.0,882.0,1128470000.0,237542000000.0,138.0,4698.0
LUXM4,1900.0,2695.0,340.0,2927.0,78.0,2442.0,-48394.0,1681.0,-1636.0,1667.0,1041.0,1741.0,1086.0,96.0,1588.0,1261.0,236402.0,11622000000.0,5.0,316.0
MATD3,819.0,2739.0,190.0,1517.0,79.0,616.0,395.0,757.0,-148.0,988.0,789.0,2003.0,651.0,281.0,891.0,694.0,355580000.0,164735000000.0,77.0,5808.0
FLRY3,1492.0,2765.0,160.0,1583.0,246.0,709.0,1096.0,1110.0,-223.0,1560.0,905.0,1426.0,572.0,137.0,735.0,579.0,4921870000.0,509538000000.0,83.0,1876.0
ENEV3,1184.0,2858.0,145.0,2084.0,0.0,438.0,2920.0,953.0,-85.0,1795.0,1062.0,2186.0,727.0,114.0,496.0,506.0,7040260000.0,1296510000000.0,141.0,2992.0
DTCY3,500.0,2903.0,-15124.0,5823.0,0.0,6135.0,-30749.0,-2491.0,-906.0,-2490.0,-45977.0,-2338.0,2006.0,95.0,-2849.0,-52092.0,29393.0,-36800000.0,-293.0,-1559.0
CSED3,385.0,2906.0,100.0,657.0,182.0,302.0,463.0,429.0,-64.0,501.0,282.0,1532.0,226.0,141.0,849.0,346.0,167383000.0,140635000000.0,69.0,931.0
SMFT3,2005.0,2941.0,257.0,6551.0,0.0,929.0,995.0,3845.0,-249.0,4040.0,920.0,1704.0,2246.0,155.0,317.0,875.0,5706960000.0,456762000000.0,72.0,526.0
VBBR3,1846.0,2991.0,168.0,125.0,444.0,543.0,170.0,1110.0,-336.0,1690.0,1315.0,113.0,42.0,264.0,633.0,561.0,17911000000.0,1281800000000.0,132.0,1929.0
WEGE3,3602.0,3008.0,983.0,4761.0,166.0,5195.0,1589.0,2214.0,2170.0,2174.0,1999.0,2151.0,1614.0,189.0,3180.0,3267.0,24892500000.0,1538500000000.0,18.0,2759.0
USIM5,652.0,3104.0,34.0,270.0,504.0,206.0,58.0,386.0,148.0,432.0,296.0,700.0,199.0,397.0,654.0,111.0,7227480000.0,2370980000000.0,25.0,2639.0
PATI4,3200.0,3130.0,91.0,381.0,659.0,437.0,89.0,1937.0,168.0,1724.0,1310.0,197.0,122.0,274.0,429.0,289.0,69993.0,84560300000.0,59.0,2369.0
LIPR3,6205.0,3185.0,343.0,0.0,398.0,3217.0,2932.0,-19504.0,5581.0,-19013.0,-19023.0,0.0,0.0,1106.0,-179.0,1078.0,60267.0,21263700000.0,0.0,0.0
USIM3,670.0,3190.0,35.0,278.0,446.0,211.0,59.0,397.0,152.0,442.0,303.0,700.0,199.0,397.0,654.0,111.0,134512000.0,2370980000000.0,25.0,2639.0
MOSI3,824.0,3229.0,156.0,4761.0,0.0,1453.0,189.0,8969.0,190.0,4298.0,2491.0,531.0,1475.0,1330.0,812.0,482.0,0.0,67033700000.0,0.0,0.0
ELMD3,1465.0,3311.0,259.0,2344.0,0.0,917.0,-1119.0,1422.0,-269.0,1799.0,925.0,1648.0,1012.0,74.0,808.0,781.0,733525000.0,79300700000.0,107.0,7814.0
TOTS3,2645.0,3360.0,371.0,4031.0,166.0,1494.0,613.0,1080.0,8908.0,1016.0,869.0,3732.0,1266.0,171.0,1888.0,1105.0,13502300000.0,439575000000.0,40.0,1682.0
PNVL4,1862.0,3389.0,249.0,665.0,0.0,1006.0,577.0,2005.0,-3865.0,2582.0,1093.0,332.0,196.0,144.0,658.0,734.0,0.0,112585000000.0,89.0,1394.0
SIMH3,839.0,3399.0,223.0,240.0,188.0,117.0,84.0,123.0,-20.0,698.0,490.0,1950.0,196.0,187.0,1145.0,657.0,2911670000.0,314954000000.0,1291.0,6286.0
MOVI3,1109.0,3502.0,131.0,382.0,383.0,191.0,209.0,168.0,-31.0,645.0,400.0,2272.0,109.0,163.0,1361.0,373.0,4455040000.0,307210000000.0,455.0,3574.0
CGAS3,12000.0,3556.0,16127.0,925.0,976.0,1154.0,8102.0,543.0,-192.0,734.0,620.0,1701.0,260.0,104.0,2838.0,45346.0,648902.0,9861000000.0,7786.0,2195.0
EMAE4,6680.0,3560.0,221.0,4379.0,297.0,1219.0,310.0,-6174.0,14745.0,-5001.0,-5964.0,-709.0,1230.0,722.0,-259.0,620.0,17397900.0,111795000000.0,0.0,795.0
ENBR3,2408.0,3667.0,130.0,800.0,590.0,384.0,-765.0,322.0,-96.0,552.0,422.0,2481.0,339.0,84.0,1324.0,355.0,1135530000.0,1074510000000.0,114.0,695.0
PARD3,2025.0,3676.0,530.0,2565.0,553.0,2095.0,-5406.0,1752.0,-862.0,1812.0,1199.0,1464.0,700.0,90.0,1526.0,1442.0,0.0,101931000000.0,53.0,1597.0
CSAB3,3350.0,3694.0,126.0,594180.0,180.0,635.0,0.0,2770.0,0.0,0.0,0.0,214503.0,160831.0,0.0,0.0,340.0,72691.0,20464200000.0,0.0,-1487.0
CGAS5,12834.0,3804.0,17248.0,989.0,1004.0,1234.0,8665.0,581.0,-205.0,772.0,652.0,1701.0,260.0,104.0,2838.0,45346.0,7370900.0,9861000000.0,7786.0,2195.0
CEPE5,4012.0,3838.0,196.0,362.0,0.0,219.0,542.0,248.0,-37.0,826.0,625.0,1460.0,94.0,116.0,1009.0,511.0,0.0,152700000000.0,517.0,918.0
CPLE5,2570.0,3975.0,352.0,3489.0,161.0,1419.0,2167.0,2050.0,-367.0,2368.0,1733.0,1702.0,885.0,147.0,787.0,886.0,351914.0,2176080000000.0,75.0,1080.0
ONCO3,1100.0,3998.0,260.0,1153.0,0.0,678.0,527.0,813.0,-197.0,1219.0,936.0,1418.0,457.0,163.0,1006.0,651.0,2612250000.0,223011000000.0,163.0,5953.0
CEPE6,4300.0,4113.0,210.0,388.0,0.0,235.0,581.0,266.0,-39.0,844.0,638.0,1460.0,94.0,116.0,1009.0,511.0,0.0,152700000000.0,517.0,918.0
PEAB4,7400.0,4169.0,137.0,19298.0,115.0,1084.0,373.0,12190.0,1059.0,10754.0,6605.0,1583.0,4629.0,1466.0,120.0,329.0,437005.0,69304100000.0,17.0,-4783.0
RDOR3,2492.0,4316.0,254.0,1639.0,28.0,614.0,216.0,1200.0,-210.0,1253.0,929.0,1365.0,407.0,268.0,764.0,590.0,17493800000.0,2242150000000.0,142.0,3716.0
RADL3,2710.0,4515.0,842.0,1469.0,116.0,2624.0,1584.0,2402.0,-2071.0,2507.0,1387.0,612.0,331.0,142.0,1461.0,1864.0,12649400000.0,553198000000.0,43.0,1870.0
AESB3,1095.0,4547.0,150.0,2129.0,0.0,330.0,391.0,782.0,-65.0,1771.0,1029.0,2721.0,1086.0,164.0,514.0,329.0,2430830000.0,440414000000.0,264.0,13485.0
HBSA3,446.0,4553.0,228.0,1718.0,0.0,545.0,495.0,806.0,-99.0,1655.0,894.0,2131.0,377.0,213.0,784.0,500.0,4361790000.0,149024000000.0,288.0,934.0
RENT3,5659.0,4601.0,241.0,2335.0,312.0,834.0,1850.0,1177.0,-198.0,1709.0,941.0,1984.0,506.0,124.0,885.0,524.0,36110700000.0,2488020000000.0,148.0,2461.0
ELET3,3540.0,4795.0,73.0,2368.0,62.0,310.0,587.0,938.0,-75.0,1365.0,975.0,2524.0,448.0,147.0,361.0,153.0,35990100000.0,11140200000000.0,51.0,1714.0
CRFB3,885.0,4820.0,95.0,168.0,249.0,216.0,-1093.0,417.0,-68.0,758.0,524.0,403.0,53.0,96.0,666.0,197.0,12841700000.0,1962500000000.0,109.0,1780.0
SCAR3,2584.0,4971.0,97.0,1915.0,0.0,423.0,235.0,525.0,-135.0,1086.0,907.0,3649.0,370.0,357.0,862.0,195.0,17487700.0,153856000000.0,119.0,1945.0
PETZ3,462.0,5195.0,115.0,692.0,60.0,539.0,301.0,1075.0,-296.0,1048.0,417.0,644.0,133.0,205.0,631.0,221.0,10529900000.0,185747000000.0,24.0,3170.0
ELET6,3862.0,5231.0,80.0,2583.0,387.0,338.0,641.0,1024.0,-82.0,1451.0,1036.0,2524.0,448.0,147.0,361.0,153.0,8805530000.0,11140200000000.0,51.0,1714.0
SULA3,743.0,5232.0,113.0,433.0,27.0,314.0,85.0,-1309.0,-461.0,659.0,848.0,-330.0,83.0,229.0,-562.0,217.0,0.0,836384000000.0,37.0,166.0
CEAB3,499.0,5243.0,53.0,247.0,0.0,177.0,97.0,447.0,-88.0,663.0,217.0,552.0,47.0,163.0,528.0,102.0,2452010000.0,287820000000.0,59.0,1491.0
RAIL3,2230.0,5247.0,268.0,4009.0,30.0,890.0,982.0,1363.0,-191.0,1737.0,1056.0,2942.0,766.0,185.0,754.0,511.0,35459900000.0,1544020000000.0,111.0,1012.0
CSAB4,4800.0,5294.0,180.0,851363.0,138.0,910.0,0.0,3969.0,0.0,0.0,0.0,214503.0,160831.0,0.0,0.0,340.0,115484.0,20464200000.0,0.0,-1487.0
YDUQ3,1887.0,5294.0,186.0,1201.0,146.0,600.0,632.0,779.0,-146.0,1348.0,678.0,1542.0,233.0,156.0,899.0,351.0,11422500000.0,313885000000.0,173.0,849.0
LPSB3,200.0,5306.0,147.0,1546.0,103.0,767.0,809.0,885.0,-314.0,733.0,490.0,1748.0,966.0,163.0,1011.0,277.0,31526500.0,20094600000.0,0.0,1267.0
SULA4,763.0,5373.0,117.0,444.0,26.0,323.0,88.0,-1345.0,-473.0,624.0,802.0,-330.0,83.0,229.0,-562.0,217.0,0.0,836384000000.0,37.0,166.0
BSEV3,900.0,5631.0,-1076.0,889.0,0.0,776.0,-159.0,440.0,-102.0,759.0,370.0,2019.0,158.0,39.0,2066.0,-1912.0,0.0,-85318700000.0,-895.0,712.0
CEGR3,8500.0,6547.0,1843.0,3596.0,120.0,5002.0,-10121.0,2284.0,-1098.0,2357.0,2357.0,1575.0,549.0,85.0,2780.0,2814.0,0.0,119769000000.0,101.0,782.0
OFSA3,2105.0,6557.0,171.0,1133.0,302.0,873.0,226.0,822.0,667.0,924.0,741.0,1378.0,173.0,266.0,1415.0,261.0,24848600.0,66439900000.0,61.0,1511.0
SHOW3,226.0,6811.0,103.0,379.0,0.0,188.0,779.0,247.0,-213.0,281.0,258.0,1535.0,163.0,103.0,1463.0,151.0,43814100.0,14765800000.0,102.0,-373.0
USIM6,1631.0,7765.0,86.0,676.0,202.0,514.0,144.0,966.0,370.0,1011.0,693.0,700.0,199.0,397.0,654.0,111.0,7586.0,2370980000000.0,25.0,2639.0
PTBL3,557.0,9508.0,210.0,369.0,377.0,257.0,790.0,480.0,-56.0,1004.0,590.0,767.0,39.0,108.0,736.0,221.0,916724000.0,37389600000.0,338.0,2274.0
HGTX3,3750.0,10199.0,357.0,4178.0,0.0,2480.0,750.0,10587.0,993.0,10677.0,4250.0,395.0,410.0,247.0,300.0,351.0,0.0,170494000000.0,12.0,-462.0
CASN3,1045.0,11050.0,510.0,6382.0,21.0,2228.0,-3943.0,3732.0,-502.0,4361.0,2642.0,1710.0,578.0,68.0,629.0,462.0,0.0,194545000000.0,90.0,1212.0
ELET5,8601.0,11650.0,178.0,5753.0,0.0,753.0,1427.0,2280.0,-183.0,2707.0,1932.0,2524.0,448.0,147.0,361.0,153.0,99542.0,11140200000000.0,51.0,1714.0
BALM3,976.0,11956.0,67.0,524.0,221.0,385.0,84.0,351.0,138.0,253.0,216.0,1492.0,-95.0,292.0,1451.0,56.0,159833.0,14240700000.0,17.0,400.0
BALM4,990.0,12128.0,68.0,531.0,218.0,391.0,85.0,356.0,140.0,258.0,220.0,1492.0,-95.0,292.0,1451.0,56.0,893333.0,14240700000.0,17.0,400.0
CEPE3,12800.0,12244.0,625.0,1155.0,0.0,700.0,1730.0,791.0,-117.0,1369.0,1036.0,1460.0,94.0,116.0,1009.0,511.0,0.0,152700000000.0,517.0,918.0
BIDI3,340.0,22551.0,106.0,0.0,0.0,0.0,0.0,0.0,0.0,0.0,0.0,0.0,0.0,0.0,0.0,47.0,0.0,834855000000.0,0.0,3700.0
BIDI4,341.0,22617.0,106.0,0.0,0.0,0.0,0.0,0.0,0.0,0.0,0.0,0.0,0.0,0.0,0.0,47.0,0.0,834855000000.0,0.0,3700.0
SQIA3,2728.0,273553.0,375.0,3654.0,20.0,1495.0,2696.0,4310.0,-371.0,4689.0,1643.0,848.0,45.0,144.0,404.0,14.0,2794640000.0,63974900000.0,67.0,4625.0
